C_p_avg,C_n_avg,δ_SEI_nm,c_f_Ah,P_kW,ΔC_p_avg,ΔC_n_avg,Δδ_SEI_pm,Δc_f_μAh
3415.5,7664.8,48.1,49.2,-26.1,-13.100500249477742,37.30274667669667,1.0198179035070415e-6,7.213554286846505e-6
3622.4999999999995,19456.8,47.5,37.5,11.3,-13.339480048912977,37.983224730924654,4.672103808984508e-8,3.3047541471857836e-7
2898.0000000000005,17982.8,49.1,37.5,-47.7,-12.730997184624918,36.25061286791595,7.291338374525856e-8,5.157436931390981e-7
7141.499999999999,17688.0,3.1,13.1,-23.7,-15.281136739646854,43.511954648734694,3.4090569013491147e-7,2.4113537270000244e-6
7762.5,17688.0,16.400000000000002,39.8,37.4,-13.71685423860495,39.05777101025994,2.1905631948841735e-7,1.549467455976644e-6
3726.0,17098.399999999998,32.5,33.6,18.0,-14.023000542233827,39.929500928413944,1.4244080384826384e-7,1.0075371962857592e-6
3312.0,10612.8,14.9,40.5,36.1,-14.551009677245533,41.43296954650503,1.4317562332588911e-6,1.0127348498812233e-5
7866.0,18277.6,31.1,12.9,30.1,-12.87135865483582,36.65028221388484,1.1929026567645643e-7,8.437847623485256e-7
8280.0,17982.8,2.3,24.7,35.5,-13.815257198168899,39.33796646867637,3.30723169335385e-7,2.3393289407006925e-6
7244.999999999999,17098.399999999998,29.6,20.9,41.4,-13.666124166613576,38.913320722994584,1.6290965047905287e-7,1.1523210207828276e-6
6831.0,17393.2,30.700000000000003,33.6,-21.8,-13.952838415615023,39.72971924177857,1.4089729389933329e-7,9.96619371867685e-7
2380.5,9138.8,10.100000000000001,20.8,16.1,-13.669077575756512,38.92173034635767,2.527148986705313e-6,1.7875472026778393e-5
5382.0,15624.400000000001,24.6,50.0,6.7,-14.854067327591316,42.29590474316923,2.668115516798461e-7,1.8872581132196531e-6
2173.5,14740.0,41.3,4.6,44.3,-12.13143722823938,34.543408353230504,2.440644785426087e-7,1.7263595387015433e-6
6210.0,13560.800000000001,21.6,27.7,-25.7,-14.798387434576975,42.13736019108783,5.190245507697321e-7,3.671255192038047e-6
6624.0,9728.4,12.0,35.0,41.1,-14.988532658181102,42.67878524911447,1.9495725120463773e-6,1.3790057130226826e-5
3829.5,10318.0,18.700000000000003,17.8,-25.4,-14.696069353189808,41.84601670055374,1.3256559686055782e-6,9.376861557669638e-6
4036.5,15624.400000000001,33.7,27.2,-8.6,-14.173115188572472,40.356941752665,2.0120157136753608e-7,1.4231741300749984e-6
2380.5,19751.600000000002,1.0,46.8,-40.1,-14.250378617311693,40.57694389417167,2.0839647117845676e-7,1.4740663532807461e-6
2380.5,19751.600000000002,41.5,7.8,-14.2,-12.289640478888384,34.99388090541846,5.9458356632424494e-8,4.2057124306183793e-7
6210.0,5896.0,9.9,45.7,-24.6,-14.9190413647537,42.4809137124979,5.213700041399196e-6,3.687845462864761e-5
5071.5,20341.199999999997,8.200000000000001,30.1,2.3,-15.56940328846111,44.33277323130189,1.298569860741219e-7,9.18527136413899e-7
6003.0,11202.4,29.6,35.1,-46.7,-14.440764479141436,41.11905415251832,7.210903628118305e-7,5.100542420345011e-6
7038.000000000001,18572.4,42.699999999999996,31.5,-17.4,-13.299688344868757,37.86992067172385,7.117054466273067e-8,5.034159390451381e-7
5278.5,15919.2,26.6,36.5,-32.9,-14.757508454395879,42.02096019008678,2.2997080175762386e-7,1.6266696801099853e-6
6831.0,8254.400000000001,2.2,9.3,-15.7,-15.37902193546535,43.79067581156286,4.028728996959778e-6,2.8496710272121005e-5
4140.0,9138.8,33.9,34.5,3.9,-14.092561493147805,40.12757080979598,1.0546865768130812e-6,7.460193482862241e-6
5175.0,8844.0,21.0,36.2,41.9,-14.877596802802595,42.362903257471906,1.7198757710131685e-6,1.2165325984346e-5
6210.0,8844.0,42.0,34.3,-41.0,-13.785422076639579,39.253013073046894,8.751796040645752e-7,6.190473380542148e-6
6210.0,5896.0,29.1,48.5,27.4,-14.030899447091345,39.95199250059858,2.6890366678458307e-6,1.9020564275368006e-5
6934.5,20341.199999999997,18.900000000000002,49.1,-17.9,-14.260789835247625,40.606589099911005,9.129397890222556e-8,6.457565322286738e-7
6934.5,22110.0,5.6000000000000005,8.9,-9.2,-14.804734540949875,42.15543312698689,8.699554416712518e-8,6.153520921776768e-7
4450.5,9138.8,11.4,3.5,2.0,-15.332357685852436,43.65780266558007,2.2727996964831504e-6,1.6076364160041694e-5
5175.0,12086.8,42.2,29.5,9.7,-14.101298534176845,40.15244891536432,3.763837531363598e-7,2.6623033647471333e-6
4450.5,17688.0,46.2,8.8,-27.5,-13.832212731694401,39.386246149594996,7.570100555522524e-8,5.354615870770654e-7
3001.5,5896.0,34.2,39.7,40.6,-13.03287861219814,37.11019885354002,2.4594857028112754e-6,1.7396864257766445e-5
2587.5,11792.0,12.700000000000001,10.9,15.0,-13.960783652784658,39.752342741935635,1.1848665381953767e-6,8.381005144690736e-6
3519.0000000000005,17982.8,8.1,26.5,-1.5,-15.15500065120418,43.15279106992258,2.5901004973977423e-7,1.8320751657835294e-6
4554.0,13266.0,16.1,42.1,5.9,-15.255461250206476,43.438845510909985,6.751221032639385e-7,4.775391690415429e-6
6106.5,9433.6,5.0,28.1,-35.0,-15.72760199545965,44.783232845775366,2.7004307696422705e-6,1.9101159028191842e-5
7348.5,20636.0,2.8000000000000003,30.5,-27.3,-14.81251127222305,42.177576818540764,1.495958658582166e-7,1.058147631792975e-6
3001.5,8844.0,45.699999999999996,23.9,12.5,-12.870731547391081,36.64849656983325,8.603535106312407e-7,6.085602864467239e-6
4450.5,15034.800000000001,16.2,32.0,19.3,-15.222438337577408,43.34481510590776,4.226772494098384e-7,2.989754615944312e-6
3829.5,12971.2,33.8,13.4,-47.4,-14.059015168062938,40.03205002489419,4.082243176908317e-7,2.887523612545948e-6
7762.5,15329.6,41.199999999999996,36.4,30.9,-12.692927941939898,36.14221339545264,1.9623847287450093e-7,1.38806827413017e-6
6934.5,12086.8,38.1,22.3,24.6,-13.59968098228809,38.72412846116248,4.601766950877288e-7,3.2550022510308112e-6
2794.5,15034.800000000001,21.8,43.6,19.4,-13.748451255603735,39.147741278440904,3.732179427650315e-7,2.6399104013593506e-6
7866.0,14445.199999999999,27.900000000000002,23.7,40.1,-13.088718724366176,37.26919961831708,3.710411978205798e-7,2.6245134684643475e-6
4243.5,14740.0,36.8,8.6,49.7,-14.144361170468134,40.275066722490855,2.2850845381425923e-7,1.6163259449789947e-6
6417.0,21520.399999999998,37.7,21.6,14.7,-13.731732256015393,39.10013511115477,3.433740669102075e-8,2.4288134811460904e-7
3105.0,14740.0,6.4,11.8,-35.5,-15.024455043379065,42.781071696940934,6.735121647581047e-7,4.764003991915158e-6
7452.0,13855.599999999999,48.300000000000004,11.3,44.5,-12.805779960488223,36.46355152603834,2.268298839380106e-7,1.6044527910708848e-6
4968.0,18572.4,10.7,29.9,28.6,-15.54783823491094,44.271368268587345,1.9549615033137423e-7,1.3828175485400621e-6
7348.5,11792.0,16.3,42.0,30.8,-14.231743910937134,40.52388288749544,1.0278055853176951e-6,7.270054154292504e-6
7038.000000000001,6190.8,41.5,18.3,-14.7,-13.115904957727484,37.34661049247366,1.7856392368104326e-6,1.263049562785625e-5
5175.0,15919.2,25.8,26.7,-36.0,-14.798564033756923,42.137863044739376,2.3631648774669327e-7,1.671555095645463e-6
5796.000000000001,10612.8,8.3,43.9,8.6,-15.679703376670762,44.64684492097311,1.7731881253436233e-6,1.254242424943807e-5
2173.5,6485.6,36.300000000000004,2.5,-34.9,-11.982676733388637,34.11982337943498,2.226699367629589e-6,1.5750279254409967e-5
6313.5,16508.800000000003,13.600000000000001,5.0,16.0,-15.186133167808299,43.241438706118295,3.143784431810964e-7,2.2237165661658433e-6
4036.5,5896.0,30.500000000000004,27.7,13.5,-13.928892314816453,39.66153441562894,2.5792207342338165e-6,1.8243795014947265e-5
4761.0,16214.000000000002,2.9,45.9,18.9,-16.234888516735243,46.227695288836664,5.0849166942915e-7,3.596752174307217e-6
5382.0,20930.8,28.900000000000002,13.4,24.1,-14.420996342576153,41.062765783626666,5.260638161320529e-8,3.721046554452845e-7
7038.000000000001,21520.399999999998,6.5,34.2,5.7,-14.746664269189164,41.99008214069836,1.0035548084393132e-7,7.098519319584435e-7
3933.0,22404.8,12.500000000000002,10.8,-34.4,-14.712775979214829,41.89358763499039,6.152161470300345e-8,4.351654407599887e-7
2484.0,7959.6,29.1,28.9,19.7,-12.801393215495763,36.451060580346464,1.845831678880825e-6,1.3056259332375917e-5
4761.0,21815.2,47.199999999999996,44.5,49.9,-13.701216816810096,39.013244559133454,2.2606426696679753e-8,1.5990372952595404e-7
6313.5,8549.199999999999,6.3,5.8,10.2,-15.44834153273442,43.98805845553395,3.190284055371306e-6,2.256607492841768e-5
4761.0,22699.600000000002,1.6,10.3,38.4,-15.64411944273441,44.54552218916665,8.389794293707095e-8,5.934415976127573e-7
3829.5,9728.4,35.6,23.1,-9.6,-13.896996599935992,39.57071362637324,8.766046518177224e-7,6.200553277446611e-6
3519.0000000000005,22994.4,21.0,33.0,-23.5,-13.955682741389102,39.73781825798455,3.919281624072951e-8,2.772254797985604e-7
6831.0,19751.600000000002,36.9,11.7,-25.3,-13.610300443512852,38.75436662491394,5.997659216227425e-8,4.2423691721316265e-7
4036.5,15624.400000000001,1.7000000000000002,47.4,-8.6,-16.09957474937668,45.8423989192796,6.283853690566377e-7,4.444805251174758e-6
7452.0,12381.6,21.0,20.1,28.2,-13.8860353143515,39.539502141972676,7.613797816161655e-7,5.385524581112261e-6
2277.0,13266.0,8.4,30.1,-34.7,-13.83510700255965,39.39448738089876,9.510604679266798e-7,6.727207172839531e-6
6417.0,12381.6,20.0,6.8,3.8,-14.763701519903623,42.03859450553664,7.492446935412108e-7,5.2996885545987846e-6
7866.0,13855.599999999999,22.6,41.8,37.7,-13.333465073260038,37.96609751374342,5.093997338808446e-7,3.6031752545411777e-6
2070.0,22404.8,17.0,25.7,-11.4,-12.517401618280037,35.64241461968435,5.8260891865632814e-8,4.121011259241286e-7
6003.0,7664.8,34.6,37.0,-13.4,-14.060596592855868,40.03655301998822,1.4640005117169072e-6,1.035542436637371e-5
4554.0,13855.599999999999,16.1,13.1,42.5,-15.26116098859725,43.455075112315484,5.787293446452011e-7,4.093569578091284e-6
4554.0,8254.400000000001,4.300000000000001,31.9,47.1,-15.767260341905384,44.89615717865282,3.682674591628664e-6,2.6048937752660485e-5
7555.5,9138.8,22.2,3.1,43.6,-13.56572156981727,38.62743143918039,1.6647909033507435e-6,1.177569006807096e-5
5796.000000000001,10023.2,1.3,44.8,17.5,-16.18915896981668,46.09748364258328,2.7020139831016212e-6,1.9112357690421067e-5
6831.0,17982.8,22.099999999999998,25.6,-1.8,-14.328915065230538,40.8005708676301,1.5863950430032622e-7,1.1221166762943784e-6
5175.0,15329.6,3.2,28.4,14.4,-16.272624541563463,46.33514594705525,6.377160689630789e-7,4.510804789011782e-6
7244.999999999999,14445.199999999999,39.6,32.3,-8.7,-13.304058982467602,37.8823657527721,2.447331293427317e-7,1.7310891564392233e-6
6210.0,20341.199999999997,0.5,3.5,27.2,-15.902153536696487,45.28025599764182,1.7599675033571405e-7,1.2448909834680873e-6
7866.0,8844.0,17.5,37.7,26.2,-13.387862576007892,38.12099055035097,2.1237633680896144e-6,1.5022174346466185e-5
2587.5,19751.600000000002,28.2,3.3,-25.8,-13.040049349004384,37.130617018759686,8.508300385017903e-8,6.018239776440625e-7
7452.0,8844.0,29.5,38.1,-31.9,-13.341048682729234,37.9876913046269,1.4122784451535388e-6,9.989574802741126e-6
2484.0,21225.6,32.6,40.3,16.4,-12.635085269603174,35.9775104824239,4.9609491044026376e-8,3.5090652513381644e-7
7866.0,21520.399999999998,16.500000000000004,2.2,-19.4,-13.275649489362332,37.80147173311242,7.413230209690225e-8,5.243655595238497e-7
2484.0,11202.4,19.3,1.5,16.0,-13.43413929288826,38.252760224337074,1.1180818771641312e-6,7.908612204518935e-6
7555.5,22404.8,25.1,30.8,48.1,-13.186214033347047,37.546810605989606,4.277687551474246e-8,3.0257687444603595e-7
4347.0,16214.000000000002,23.400000000000002,50.0,-32.1,-14.767620602829805,42.049753816615855,2.3940350943978756e-7,1.6933907571799684e-6
4864.5,12971.2,5.8999999999999995,41.8,24.8,-16.022926698555324,45.62414902281924,1.067008970029333e-6,7.54735438884715e-6
5175.0,7959.6,34.2,29.3,-27.3,-14.238619842736906,40.54346161632342,1.3627209810416821e-6,9.63903628359965e-6
6106.5,16214.000000000002,2.7,46.3,-46.7,-16.09465021939787,45.828376668925365,5.138241951008393e-7,3.6344711271579688e-6
5071.5,10612.8,23.400000000000002,7.2,29.7,-14.853666513928143,42.29476345465472,1.0216701112061687e-6,7.226655646159988e-6
4347.0,15329.6,8.0,35.6,34.1,-15.734255049094596,44.80217694484531,5.300631034332783e-7,3.7493350125754934e-6
5485.5,15919.2,48.0,19.0,5.9,-13.892298931469693,39.55733734811638,1.1463751694935432e-7,8.108741266256303e-7
3415.5,9433.6,39.1,10.5,-28.7,-13.476788513443095,38.37420085942327,8.696489367803024e-7,6.151352897796757e-6
4968.0,12381.6,18.1,49.1,21.1,-15.19358732833851,43.26266390033436,7.866355457225241e-7,5.5641680671802125e-6
2587.5,7370.0,13.700000000000001,36.5,3.2,-13.573253848093616,38.648879068120856,3.4004006921934556e-6,2.4052308658060888e-5
6313.5,7075.2,43.2,1.5,17.4,-13.600742661849493,38.72715151851391,1.3003156497020366e-6,9.197619983827786e-6
5899.499999999999,13266.0,23.8,12.8,-36.9,-14.797067648190726,42.13360219282682,5.155611763418783e-7,3.6467574465433996e-6
5278.5,19456.8,42.9,44.1,31.8,-13.99026318162379,39.836283612552364,5.0621514035370076e-8,3.580649430851877e-7
2794.5,11202.4,47.5,31.8,36.2,-12.682861914855568,36.11355109621277,4.664841878116955e-7,3.2996175112863473e-6
4243.5,21815.2,46.800000000000004,46.2,-18.6,-13.56785797535104,38.63351470263522,2.3323565459529778e-8,1.6497632079860262e-7
6727.5,12971.2,9.8,21.8,32.9,-15.211565412329456,43.313855221265705,9.335816005080183e-7,6.603572592034943e-6
6313.5,20341.199999999997,5.6000000000000005,20.8,-13.2,-15.461782564371047,44.026330841206594,1.4441451172902759e-7,1.0214979719255133e-6
2070.0,17982.8,15.9,2.9,-12.0,-12.969051005353927,36.9284542633551,2.129705479683566e-7,1.5064205129034394e-6
3519.0000000000005,22110.0,17.5,14.9,2.8,-14.226784638801096,40.50976171130581,5.7126735041068575e-8,4.0407880959132346e-7
7762.5,13266.0,44.3,3.2,-43.2,-12.586223717723255,35.83838067384584,3.0973927212526243e-7,2.1909019704011063e-6
7244.999999999999,22994.4,43.900000000000006,28.2,17.1,-12.823930144798586,36.51523289045897,1.9821264540282027e-8,1.4020323363962473e-7
2794.5,7664.8,49.5,49.3,36.5,-12.48518746856227,35.550687109791475,1.0565098609004082e-6,7.473090254628109e-6
4864.5,10907.6,26.9,11.0,-4.7,-14.677244222712039,41.79241347472441,8.423638174358273e-7,5.958355021472361e-6
3105.0,14150.4,12.4,9.7,27.9,-14.612617210888335,41.60839263547133,6.351215076718811e-7,4.4924524844873715e-6
7659.0,23289.2,38.0,36.8,26.2,-12.530657596791759,35.68016007971102,2.2703065828172017e-8,1.6058729432595984e-7
4864.5,6190.8,49.0,49.0,40.3,-13.62348090837815,38.79189706518116,1.297447175088934e-6,9.177330187707422e-6
3001.5,13855.599999999999,9.700000000000001,9.3,38.6,-14.683985641729905,41.81160918795305,7.575423425100522e-7,5.358380935938725e-6
6624.0,14445.199999999999,42.300000000000004,6.7,17.4,-13.68071914111169,38.954878879241335,2.1363560737992636e-7,1.5111247274037326e-6
7659.0,6485.6,4.2,30.1,-48.7,-14.13211618254966,40.240199986581686,5.7479233547190025e-6,4.065721636510974e-5
5175.0,8844.0,40.0,24.3,-0.8,-14.07659176716922,40.08209814604928,9.097583730669274e-7,6.43506197475393e-6
7659.0,18572.4,46.7,45.8,0.3,-12.565030321349404,35.778033978600504,6.82264326370162e-8,4.825911311544201e-7
4347.0,6780.400000000001,49.5,16.8,-9.8,-13.524451158305954,38.50991686517834,1.12886548025666e-6,7.984888671178581e-6
7038.000000000001,20930.8,27.900000000000002,49.5,-24.7,-13.71997726034364,39.06666359347614,5.774687596473809e-8,4.084652987900339e-7
6313.5,9433.6,31.900000000000002,10.0,48.5,-14.140987442203528,40.26546027019615,1.0512617778483538e-6,7.435968596077418e-6
6106.5,21520.399999999998,0.4,36.9,-23.4,-15.785085925237443,44.94691426479581,1.2509972611043633e-7,8.848772535410097e-7
4140.0,19162.0,7.2,45.6,32.7,-15.514729199029201,44.17709263369815,1.9020933553605288e-7,1.3454219258515354e-6
3726.0,17393.2,0.3,23.8,-3.1,-15.956956937166886,45.43630479926519,4.10483315950067e-7,2.9035023539671835e-6
7141.499999999999,22110.0,21.700000000000003,18.9,10.7,-13.780203197971609,39.23815268564278,5.044591252650668e-8,3.5682284779280054e-7
4554.0,17982.8,6.4,2.6,16.3,-15.81533958175026,45.03305940914044,2.722090853565005e-7,1.92543689205628e-6
7659.0,22994.4,30.000000000000004,8.9,42.8,-12.81887588953628,36.50084125652829,3.1317096045142534e-8,2.2151755882216845e-7
7452.0,5896.0,0.1,2.6,-29.8,-14.546847611210895,41.421118358228355,7.60427918681288e-6,5.3787916977898925e-5
5382.0,8549.199999999999,35.2,15.2,-33.4,-14.227527069405431,40.5118757298565,1.1438203118443532e-6,8.090669800473813e-6
6313.5,6485.6,42.2,35.2,-25.9,-13.59048474385797,38.69794282350495,1.5440333767386209e-6,1.0921526819155373e-5
3312.0,20930.8,1.8,17.2,-40.1,-15.14986431247503,43.138165709138484,1.4188250915953253e-7,1.0035881686884087e-6
3105.0,10612.8,15.000000000000002,25.6,5.6,-14.355297846005081,40.87569396744771,1.4392724420950154e-6,1.0180513461188561e-5
3726.0,20341.199999999997,35.0,25.9,28.6,-13.784243070404306,39.249655936299725,5.310973889409567e-8,3.7566509016494924e-7
2484.0,21815.2,40.400000000000006,12.1,-33.2,-12.331756583033947,35.113803529290564,3.34828328478154e-8,2.3683662700422086e-7
8176.5,18572.4,15.5,1.4,25.1,-13.128294428014444,37.381888631694856,1.8140469955559016e-7,1.2831434353459496e-6
6520.5,7664.8,24.0,23.8,13.1,-14.25110842533907,40.579021970853496,2.1174534927272963e-6,1.4977542232916508e-5
4450.5,12971.2,33.5,12.6,40.0,-14.343261805168613,40.841422193569805,4.018332094536436e-7,2.8423169084240397e-6
3208.5,8844.0,40.5,19.9,29.3,-13.230376460027351,37.67255998834923,9.814400529231794e-7,6.9420933646101425e-6
8280.0,7664.8,17.5,17.8,-17.4,-12.657347058190828,36.04089934882614,2.916218668236876e-6,2.0627507718093975e-5
4864.5,22699.600000000002,3.2,5.1,15.4,-15.550382681451216,44.27861339990032,7.881015819597867e-8,5.574537890996416e-7
4450.5,17098.399999999998,43.400000000000006,3.9,-38.4,-13.94038841472247,39.69426874596396,9.721683099940137e-8,6.876510851572059e-7
3933.0,8844.0,26.7,28.2,-29.9,-14.274725321915637,40.6462694112908,1.4483294376598163e-6,1.0244576985625372e-5
2484.0,23289.2,7.000000000000001,19.3,14.3,-13.489848847778608,38.411389236508086,5.988698946603475e-8,4.2360312375714587e-7
7762.5,22404.8,31.599999999999998,19.9,-1.8,-12.700663747508818,36.16424055395319,3.587121366279095e-8,2.537305397382895e-7
4968.0,6780.400000000001,42.0,12.7,35.0,-13.880649088673529,39.52416524580144,1.4055940787006507e-6,9.942293773338457e-6
7141.499999999999,16214.000000000002,34.50000000000001,29.9,46.6,-13.576579553318977,38.658348778236984,1.764278565137718e-7,1.2479403590557489e-6
5485.5,21520.399999999998,31.0,34.2,-31.9,-14.279626648274986,40.660225590969375,4.141847042309175e-8,2.9296836606581076e-7
7038.000000000001,12676.4,5.8999999999999995,38.1,-42.5,-15.239977392115529,43.394756321578,1.171903009946773e-6,8.289309250307248e-6
4140.0,10907.6,9.3,3.6,-40.7,-15.471580299388558,44.05422919779261,1.5934100857608564e-6,1.1270786789796062e-5
7348.5,20930.8,46.4,2.5,44.9,-12.7983251217635,36.44232440072316,3.3887494091067414e-8,2.396989476557243e-7
5278.5,12676.4,2.8000000000000003,13.6,36.4,-16.292565488061026,46.39192637998304,1.302321788633772e-6,9.211810156447098e-6
6417.0,15329.6,25.8,16.0,2.4,-14.48034181346845,41.231747809119696,2.837104281092372e-7,2.006790200360817e-6
8073.0,22699.600000000002,24.8,23.5,43.6,-12.4921107857855,35.57040076527068,4.158791163313162e-8,2.941668872555724e-7
6520.5,23584.0,46.2,22.5,-11.2,-13.2530911939143,37.737238584431644,1.4543383605801654e-8,1.0287080349747882e-7
2173.5,18867.2,23.0,12.4,-34.5,-12.740781470281156,36.27847292839415,1.330621338135218e-7,9.411983477507617e-7
8280.0,23289.2,7.6000000000000005,39.7,-24.4,-12.821581235227676,36.50854453678605,5.978603981661528e-8,4.228890690481422e-7
4347.0,21225.6,7.6000000000000005,29.3,-3.9,-15.354934157210321,43.72208756887525,1.0324747392702635e-7,7.303080830324244e-7
3415.5,9138.8,25.5,5.7,26.6,-14.004620719223077,39.87716568405909,1.4377782195407366e-6,1.016994426498711e-5
2484.0,17393.2,23.2,30.2,-0.6,-13.246042063456368,37.71716668465899,1.9328791155500788e-7,1.3671978479671864e-6
6417.0,8254.400000000001,40.400000000000006,25.4,-42.5,-13.710100497751363,39.03854021148568,1.0746339855383936e-6,7.601288981604838e-6
6624.0,9433.6,11.1,26.7,7.7,-15.023443003518917,42.77818998510669,2.165328558536278e-6,1.5316180518253354e-5
2277.0,23584.0,49.1,49.2,9.0,-11.662918526738515,33.209334531420055,1.633326744062291e-8,1.1553132275805578e-7
5071.5,20341.199999999997,14.700000000000001,22.4,1.5,-15.166567303458601,43.185726293048916,1.0207010782093274e-7,7.219801312553544e-7
4864.5,7959.6,11.1,13.1,-37.7,-15.33542078858728,43.66652463367569,3.045903609698772e-6,2.1544817918478622e-5
3415.5,17688.0,7.2,26.8,28.0,-15.153629816045573,43.148887713885635,2.913134212000683e-7,2.0605690202997735e-6
2691.0,22404.8,4.8,16.8,-42.2,-14.049345510544628,40.00451635991196,8.342150964478517e-8,5.900716063563322e-7
3829.5,10907.6,11.200000000000001,7.9,-33.9,-15.176175468549955,43.213084862696306,1.4935923731145762e-6,1.0564738693869676e-5
5485.5,14150.4,5.6000000000000005,44.2,-19.6,-16.06151014242308,45.73401264672573,7.934598965192567e-7,5.612439258316813e-6
5071.5,12971.2,11.700000000000001,32.2,13.2,-15.615455264912391,44.46390297284364,8.538189414386095e-7,6.039381407234433e-6
3726.0,8844.0,10.200000000000001,8.7,-22.7,-15.029151320458684,42.79444401333317,2.583458350825219e-6,1.82737692654716e-5
4347.0,15329.6,27.3,10.7,-13.1,-14.589849062829252,41.54356194633092,2.6606265968076996e-7,1.8819609194052046e-6
3519.0000000000005,14150.4,5.6000000000000005,35.6,-7.2,-15.45478628886068,44.00640944218623,8.042154530981453e-7,5.688517341472888e-6
2173.5,16803.6,20.0,44.3,-37.9,-12.975286704690248,36.94620997560105,2.577283257472417e-7,1.8230090515595176e-6
3726.0,10907.6,33.5,44.5,-14.7,-13.962685030990666,39.757756781724744,7.024168022924374e-7,4.968457327435652e-6
5796.000000000001,7959.6,26.2,45.7,39.6,-14.484583752615965,41.243826430441125,1.7918714664870634e-6,1.2674578524367352e-5
3001.5,8549.199999999999,25.6,8.5,44.9,-13.589564394485233,38.69532219385191,1.7004840422099814e-6,1.2028161017976466e-5
3208.5,22404.8,32.2,8.8,30.9,-13.336043290551594,37.973438804883315,3.319101908871969e-8,2.3477251890644504e-7
5899.499999999999,15624.400000000001,5.2,46.5,19.6,-15.982213017641222,45.50821969976062,5.45227915139132e-7,3.856601409952704e-6
7348.5,9138.8,2.5,36.6,-0.7,-14.971704013674996,42.630866875717125,3.240528919225989e-6,2.292147568359619e-5
6106.5,10318.0,40.900000000000006,8.7,10.4,-13.924755864203881,39.649756165448764,6.262749970139738e-7,4.429877798692459e-6
4140.0,15329.6,45.9,26.5,46.3,-13.766431991555459,39.19894015065272,1.471574807011673e-7,1.0409000196044385e-6
5485.5,20636.0,23.0,2.5,-11.8,-14.692803826410527,41.836718344323955,7.003286039256696e-8,4.95368671767426e-7
8280.0,20636.0,36.4,8.8,14.1,-11.952231123162857,34.03313166048006,5.5912102252953675e-8,3.9548725660375625e-7
2380.5,12381.6,44.6,36.1,-8.7,-12.298244102951069,35.018379115633,3.9885486395362216e-7,2.821249954337916e-6
7348.5,18572.4,37.2,4.0,1.6,-13.214058146705403,37.626094746820165,8.661658747167977e-8,6.126715894275694e-7
2484.0,20046.4,7.699999999999999,1.6,-16.1,-13.912847348685766,39.61584751088922,1.512636759047519e-7,1.0699446773924472e-6
5485.5,12086.8,10.9,36.7,-7.3,-15.628695134068508,44.50160256261235,1.1053295625289612e-6,7.818410303191842e-6
7141.499999999999,6190.8,5.300000000000001,31.8,18.2,-14.58861406956373,41.54004539045728,5.853279988700334e-6,4.1402443327776515e-5
2173.5,10612.8,48.9,21.8,-35.7,-11.831636369001194,33.68974663859444,5.778086999409208e-7,4.087057513015367e-6
5278.5,15624.400000000001,32.7,29.7,27.3,-14.484826736086772,41.24451830865304,2.027571819921124e-7,1.4341775471075755e-6
4761.0,8549.199999999999,29.400000000000002,36.5,-40.1,-14.432259045382427,41.09483553225651,1.3896375528417371e-6,9.829427285000771e-6
4243.5,17688.0,28.3,35.8,-15.9,-14.45036048247158,41.14637809239535,1.3585129946835156e-7,9.609271618821204e-7
5071.5,7959.6,4.2,37.0,-45.1,-15.824185765087394,45.058248289679895,3.960530856340069e-6,2.8014319261009614e-5
2898.0000000000005,22994.4,38.4,31.6,10.5,-12.77584352735023,36.37830965278739,2.387278910826913e-8,1.6886118553001877e-7
2794.5,7664.8,38.4,0.1,-19.3,-12.82226561238008,36.510493252274514,1.4545908492805443e-6,1.0288866296965258e-5
4347.0,22404.8,36.1,27.6,43.9,-13.896603585933914,39.569594546841195,2.7441634517794176e-8,1.9410496681140323e-7
3933.0,16214.000000000002,18.6,22.1,-47.8,-14.839854094071313,42.25543356730607,2.859573601835316e-7,2.0226835931332334e-6
6313.5,18867.2,25.5,0.1,23.6,-14.43712651623607,41.10869531077611,1.0819362840665776e-7,7.652940876193735e-7
4036.5,21815.2,9.700000000000001,36.0,-25.7,-15.00885064692073,42.736639283138764,8.074758771727177e-8,5.711579543047491e-7
6624.0,18867.2,9.9,34.3,26.8,-15.122671540437683,43.06073621656397,1.883126511510243e-7,1.3320059662676065e-6
4036.5,15919.2,14.5,19.0,49.4,-15.144016307907759,43.12151393029448,3.5718154982909907e-7,2.526478983249567e-6
4864.5,8844.0,37.0,19.5,-15.7,-14.16448978554246,40.33238152841022,1.0047330922174413e-6,7.106853762399771e-6
7348.5,7075.2,4.300000000000001,11.8,14.2,-14.58415250405523,41.527341398637226,4.959640772521824e-6,3.5081398191590464e-5
6520.5,13560.800000000001,39.5,30.4,12.6,-13.841909684327922,39.413857535467514,2.921119770855205e-7,2.0662175053979273e-6
3622.4999999999995,7370.0,45.8,49.9,34.6,-13.300148180486593,37.871230021092664,1.151276457572943e-6,8.143409913977272e-6
6831.0,20046.4,49.1,16.5,-2.2,-13.197806137440418,37.57981830142635,3.803683256033239e-8,2.6904877393315337e-7
4036.5,8254.400000000001,32.0,44.1,-18.4,-14.068141473956707,40.05803653459677,1.3983972308474354e-6,9.891387770899382e-6
4243.5,7664.8,9.9,10.7,-18.4,-15.206063764552804,43.29818966887359,3.436529373256593e-6,2.4307860361227574e-5
5589.0,13560.800000000001,25.000000000000004,29.3,28.5,-14.813774049342538,42.18117248694601,4.557104886590194e-7,3.2234110989055474e-6
4036.5,6190.8,2.0,33.1,4.0,-15.419329711878316,43.90544935027469,6.557022098449032e-6,4.638027505161139e-5
3519.0000000000005,12971.2,45.400000000000006,38.1,19.5,-13.42749232340611,38.233833449478624,2.906366469308876e-7,2.0557819422205528e-6
3519.0000000000005,12086.8,41.800000000000004,46.6,20.4,-13.539187118212773,38.55187646741299,4.0730033078430686e-7,2.8809879068208075e-6
8073.0,15034.800000000001,33.5,1.6,-29.4,-12.570300366610757,35.79304005923852,2.75978719930505e-7,1.952100930359239e-6
4347.0,21815.2,25.9,20.9,-0.9,-14.333740372390809,40.81431058804867,4.554948138609878e-8,3.22188555021832e-7
6106.5,8844.0,11.3,2.1,-1.1,-15.238803128818521,43.39141268999467,2.457585414813993e-6,1.738342280848231e-5
6520.5,7075.2,8.600000000000001,30.3,10.5,-15.001699578652346,42.716277122679905,4.172355100833272e-6,2.9512631539767735e-5
3519.0000000000005,9728.4,34.2,6.1,12.9,-13.749220124145799,39.14993057716342,9.344516273161509e-7,6.609726617758451e-6
5278.5,8549.199999999999,49.4,25.2,10.8,-13.757243249040346,39.17277585710678,7.256623978334624e-7,5.1328821377754344e-6
4761.0,10907.6,33.2,4.2,-24.4,-14.383745774174471,40.956697428217915,6.82875974614012e-7,4.830237728835261e-6
6624.0,5896.0,48.9,12.3,-23.4,-13.183209251875757,37.53825470352781,1.4754246885700206e-6,1.0436231851346346e-5
5485.5,19751.600000000002,40.800000000000004,40.5,-35.0,-14.031342224819836,39.95325327880309,4.9910278823526053e-8,3.530341098416152e-7
7762.5,17098.399999999998,31.400000000000002,48.1,20.3,-13.031670171699782,37.106757904814216,1.6180944303049306e-7,1.1445388411116465e-6
5692.500000000001,12676.4,20.8,6.1,-4.0,-15.000827960968396,42.713795253056254,6.643597250548687e-7,4.699265355312153e-6
7659.0,14445.199999999999,8.3,13.4,38.3,-14.429220282449213,41.086182869993394,6.887761961835082e-7,4.871972207558982e-6
8280.0,9138.8,10.100000000000001,10.3,-41.4,-13.18373084866898,37.539739913453886,2.568014880633832e-6,1.8164531812177474e-5
8073.0,12086.8,11.000000000000002,32.0,46.3,-13.642437735329464,38.84587528739172,1.181940546986787e-6,8.360308512131714e-6
7348.5,19751.600000000002,43.900000000000006,41.8,-41.8,-12.935062706669202,36.83167498991747,5.098303118732499e-8,3.6062208940737405e-7
4450.5,13560.800000000001,11.3,33.3,-2.1,-15.538780381983345,44.24557667383853,7.465922752539064e-7,5.2809270058545454e-6
6727.5,8844.0,31.900000000000002,37.4,49.2,-13.868963923642797,39.49089256592897,1.2413367513565233e-6,8.78044012894321e-6
4140.0,22994.4,38.0,10.1,45.2,-13.699878427551408,39.00943359050915,2.1922279566558364e-8,1.5506450043775164e-7
2277.0,22699.600000000002,36.300000000000004,40.6,-25.6,-12.096745627736952,34.44462647768018,2.995974966830391e-8,2.1191653912864408e-7
3208.5,9433.6,15.200000000000001,34.7,17.4,-14.368049972715934,40.91200474513939,1.9058380322565635e-6,1.348070676180722e-5
7452.0,5896.0,12.100000000000001,36.0,-12.8,-13.834727957196591,39.393408076066144,4.993214798880492e-6,3.531887986447875e-5
2070.0,5896.0,48.300000000000004,7.3,-24.1,-11.43069133661454,32.54808405399324,1.8927072785924295e-6,1.3387828019379078e-5
5796.000000000001,21520.399999999998,1.9000000000000001,35.0,-40.1,-15.780554307506788,44.93401080423341,1.1773925394790231e-7,8.32813875031304e-7
2691.0,10612.8,28.700000000000003,7.3,6.6,-13.23126602071881,37.67509294941414,9.521096406324649e-7,6.734628364645864e-6
2277.0,10023.2,41.4,30.2,27.1,-12.19496402207958,34.72429639969652,8.047055315816512e-7,5.691983850281398e-6
3415.5,6190.8,46.800000000000004,22.1,20.3,-13.043473367975286,37.14036667029851,1.5079444001006287e-6,1.0666255960270031e-5
6210.0,12086.8,42.0,46.5,-4.9,-13.887830159678316,39.544612836915256,3.8855568912466463e-7,2.7484000303633315e-6
2587.5,11202.4,39.9,29.3,14.5,-12.695795728438075,36.150379214410634,5.964009230778312e-7,4.218567276130973e-6
5175.0,16803.6,30.799999999999997,31.6,48.3,-14.547865471309684,41.424016642771946,1.56901844815097e-7,1.109825559433565e-6
5589.0,12676.4,13.600000000000001,0.5,13.2,-15.448708971897572,43.98910471252028,8.597791763673096e-7,6.081540382942432e-6
7038.000000000001,13560.800000000001,38.2,3.5,-1.0,-13.533347649167702,38.535248992853546,3.1604264359918054e-7,2.2354880795102934e-6
5899.499999999999,22404.8,3.2,19.8,-49.2,-15.508022819869598,44.15799669398898,8.618883522394458e-8,6.096459374462231e-7
4450.5,20046.4,26.400000000000002,3.5,9.5,-14.489180037224637,41.256914025343384,7.429712120536991e-8,5.255313868567025e-7
8176.5,13266.0,34.400000000000006,2.9,-6.8,-12.379444339003507,35.24959103715783,4.3484856436363843e-7,3.0758468887506767e-6
2380.5,14445.199999999999,29.0,16.9,-30.4,-12.898616625503479,36.72789735492994,3.6322811337521213e-7,2.5692485936268305e-6
2691.0,17393.2,14.5,33.4,41.9,-13.962496103899014,39.75721882520969,2.51405230703436e-7,1.7782834302475875e-6
2691.0,11792.0,6.6000000000000005,34.9,-19.6,-14.49151226318229,41.26355487359351,1.4549664162441987e-6,1.0291522822871844e-5
7038.000000000001,17982.8,35.6,42.8,26.4,-13.575299352809981,38.654703497945945,1.041452996330946e-7,7.366587407808103e-7
6417.0,19751.600000000002,43.2,28.2,-19.4,-13.649557331604973,38.86614783356874,4.7916100724415335e-8,3.389285406747014e-7
4140.0,16214.000000000002,14.700000000000001,19.8,-19.1,-15.173848726791563,43.20645963031273,3.266599417492693e-7,2.310588208976467e-6
3622.4999999999995,10023.2,29.1,6.7,24.2,-14.044798678209725,39.991569576851106,1.0159278925532434e-6,7.186038781288941e-6
5796.000000000001,12086.8,49.800000000000004,4.3,-44.1,-13.767260312426162,39.20129873568843,2.9917667132507786e-7,2.116188735792852e-6
5278.5,20341.199999999997,45.400000000000006,37.4,-27.8,-13.86935292576438,39.49200022192602,3.6386774158296284e-8,2.573772923690208e-7
7866.0,7075.2,3.4000000000000004,34.5,42.4,-13.998417145076445,39.85950144601643,5.176465764271725e-6,3.661508263011058e-5
7348.5,20636.0,45.300000000000004,27.5,44.9,-12.84738836752713,36.5820285183525,3.806680227590909e-8,2.692607609648875e-7
3829.5,11792.0,18.8,3.3,15.8,-14.752912840040961,42.007874503680654,9.113556083861049e-7,6.446359818853483e-6
5796.000000000001,15329.6,30.9,18.4,48.8,-14.488844627184369,41.25595896900633,2.346016257196879e-7,1.6594252337517713e-6
3105.0,8254.400000000001,47.9,39.1,-27.0,-12.874750579394647,36.659940478843964,9.201975037354318e-7,6.508901858840865e-6
3105.0,10023.2,7.1,12.7,41.4,-14.8191720415689,42.19654288752782,2.199424395920899e-6,1.555735315611709e-5
3105.0,6190.8,39.699999999999996,19.2,23.6,-12.985364609016317,36.974906094447334,1.92412118631561e-6,1.3610030363487642e-5
7866.0,14150.4,11.000000000000002,41.1,26.3,-13.980266725124023,39.8078194106167,6.847443656748757e-7,4.843453559132269e-6
5071.5,15919.2,22.5,14.8,-14.0,-14.963742011827453,42.60819563930764,2.649410660111698e-7,1.8740274669764713e-6
2898.0000000000005,19751.600000000002,47.3,11.5,-37.7,-12.7235939483028,36.229532676790356,4.681488038898329e-8,3.3113919647501563e-7
2070.0,14150.4,43.1,34.1,-9.1,-11.913164900688715,33.92189335868366,2.767584290429302e-7,1.957616105167493e-6
4761.0,17098.399999999998,18.4,47.1,-41.6,-15.121485249258765,43.05735833644647,2.2250951124107698e-7,1.5738931755929e-6
6106.5,16214.000000000002,48.9,18.3,49.9,-13.702162804163368,39.01593819113693,1.0510435056053202e-7,7.434424674688097e-7
2484.0,12381.6,15.600000000000001,6.1,5.4,-13.673857519650923,38.93534089808733,9.321202060540916e-7,6.59323560129214e-6
6417.0,21225.6,34.50000000000001,31.3,6.2,-13.865326181001732,39.48053435136613,4.139013289233845e-8,2.927679240891195e-7
5589.0,11497.2,12.6,8.5,-29.0,-15.476377255140674,44.06788818958719,1.2059021676794389e-6,8.529798036754554e-6
2587.5,8549.199999999999,12.9,32.5,-17.3,-13.739570583356315,39.12245419315918,2.6309397272211682e-6,1.860962283802462e-5
7969.5,10318.0,8.9,19.8,-31.3,-13.838339988914404,39.40369308058078,1.967913574009054e-6,1.3919790336215074e-5
6831.0,14740.0,38.0,25.3,46.1,-13.70123014198271,39.013282501643175,2.2923155917629385e-7,1.6214407402441183e-6
8073.0,15919.2,5.300000000000001,22.0,-25.9,-14.040455865772689,39.97920372600666,5.228624368184945e-7,3.698401998604467e-6
2587.5,9433.6,46.4,38.4,40.7,-12.421875582638735,35.37041099840615,7.719762045141661e-7,5.460477052095807e-6
4761.0,18277.6,28.8,39.9,41.2,-14.551971894577019,41.43570939220252,1.1208881455183396e-7,7.928461992453555e-7
6210.0,20341.199999999997,34.1,32.9,-11.6,-14.039215697166656,39.97567243371653,5.3499295619025223e-8,3.7842057089677594e-7
4968.0,10612.8,34.50000000000001,30.2,-12.0,-14.347595764196896,40.85376283497203,7.027470500880909e-7,4.970793293880116e-6
3726.0,16508.800000000003,49.6,17.2,49.5,-13.41782355614072,38.20630231944181,9.832796728609715e-8,6.95510568596947e-7
3415.5,9433.6,21.700000000000003,9.5,27.0,-14.202343587992903,40.44016755005179,1.5157490376417544e-6,1.0721461086987714e-5
6313.5,17688.0,36.9,17.3,13.1,-14.003038181884651,39.87265952105364,1.0344073632208478e-7,7.316751003926471e-7
2380.5,6780.400000000001,33.2,26.3,8.1,-12.413062641707556,35.34531677323369,2.200227930284571e-6,1.5563036855857755e-5
3829.5,18277.6,26.1,34.8,-11.7,-14.325274606316082,40.790204918686975,1.261013238448375e-7,8.91961929742358e-7
4140.0,17098.399999999998,9.6,46.9,24.3,-15.478015716986386,44.07255359365805,3.093282293433986e-7,2.187994510735028e-6
7762.5,10318.0,42.9,49.3,-9.0,-12.5693268151022,35.7902679402697,6.836038441911791e-7,4.835386223179774e-6
7762.5,7959.6,9.2,6.2,-35.6,-13.895474216686692,39.5663787478846,3.429949671821478e-6,2.4261319666726893e-5
2173.5,12676.4,20.400000000000002,41.7,-14.7,-12.976041900111392,36.94836034107972,7.616995378090955e-7,5.387786336518127e-6
7659.0,10612.8,40.2,37.7,0.5,-12.793200075687059,36.42773119497988,6.765228257756681e-7,4.785299525769587e-6
5589.0,13560.800000000001,11.1,10.7,-3.0,-15.630817271543272,44.50764519878155,7.500602145592498e-7,5.305457040438716e-6
4243.5,10907.6,33.6,5.7,-1.0,-14.221288908991392,40.49411300987117,6.831803810841095e-7,4.832390909898042e-6
5485.5,9138.8,16.7,13.7,-12.0,-15.108516005138963,43.02042933230625,1.8661451927013052e-6,1.3199944429682734e-5
3933.0,12381.6,26.6,9.2,1.8,-14.425823499256584,41.076510770423106,5.987660844052002e-7,4.235296948725909e-6
7038.000000000001,13266.0,38.800000000000004,46.9,49.6,-13.508455680493974,38.46437087490967,3.3507538787569676e-7,2.370113813765575e-6
4864.5,9728.4,31.500000000000004,43.8,46.2,-14.424037901618954,41.07142640759895,9.685007575098613e-7,6.8505688781537535e-6
5796.000000000001,17393.2,4.2,48.2,-2.9,-16.02389391099822,45.626903091734555,3.495059798321185e-7,2.472186799649627e-6
2794.5,9138.8,24.0,18.4,-28.5,-13.479488376305087,38.381888527723035,1.5730603298733359e-6,1.1126845338764566e-5
4347.0,21225.6,11.9,6.3,3.8,-15.089418059447588,42.96604928448383,8.808408216867664e-8,6.230517294761434e-7
6831.0,16803.6,17.6,11.0,-48.2,-14.615049527336888,41.61531848430671,2.557853640894695e-7,1.8092657554794987e-6
8073.0,7959.6,49.4,27.2,-3.7,-11.859381636596584,33.76874932314595,1.0753152705356431e-6,7.606107965754434e-6
4657.5,11497.2,36.9,16.9,19.0,-14.231693854229066,40.52374035456783,5.221290900949459e-7,3.693214762350616e-6
5899.499999999999,16508.800000000003,44.00000000000001,17.9,-16.8,-13.931494936761357,39.66894519730546,1.12035475540455e-7,7.924689124249676e-7
4347.0,20930.8,31.3,7.2,-22.3,-14.188458612626905,40.400631066044006,4.914616933885736e-8,3.4762927704764584e-7
7762.5,16214.000000000002,33.3,30.2,44.8,-12.975782933214685,36.947622951192876,1.945782824779315e-7,1.3763251251709578e-6
3208.5,22404.8,3.7,16.6,-10.0,-14.689957990235635,41.828615027350544,8.577510216441804e-8,6.067194484378477e-7
6727.5,12971.2,42.300000000000004,15.5,-43.7,-13.607392011583329,38.746085070971176,3.166817609457688e-7,2.2400087960611853e-6
5692.500000000001,15919.2,11.3,41.5,-17.7,-15.579714398261489,44.362133386239094,3.979564482059151e-7,2.8148951230038554e-6
3726.0,10023.2,24.7,22.4,-14.7,-14.312247197949366,40.753110295970885,1.1680613403325776e-6,8.262135681164337e-6
4036.5,15919.2,11.9,25.3,11.7,-15.311409438619483,43.598154015138356,3.9257536056302035e-7,2.776832673128428e-6
6934.5,10023.2,43.2,15.7,-1.3,-13.36135840468183,38.04552179954038,6.628448548782865e-7,4.68855011073886e-6
6727.5,19751.600000000002,2.6,8.2,-9.1,-15.491880981057282,44.112033951159646,1.928794861115383e-7,1.3643089017166197e-6
8176.5,7959.6,30.000000000000004,34.0,-19.7,-12.328134178359452,35.1034889885182,1.8647062885118206e-6,1.3189766521010287e-5
6313.5,9138.8,24.4,14.4,10.6,-14.453357691766552,41.15491243359563,1.449630242138652e-6,1.0253778063280888e-5
7244.999999999999,15034.800000000001,26.500000000000004,24.1,1.1,-13.84365420256325,39.41882492758388,3.1396520462618755e-7,2.2207935749739826e-6
6106.5,20046.4,5.2,8.0,-24.3,-15.620487441760867,44.478231740034744,1.5928815361435878e-7,1.1267048160238425e-6
7866.0,22110.0,35.3,18.6,31.0,-12.471992889229956,35.51311647957797,3.5532949746049876e-8,2.5133787226471223e-7
7452.0,19162.0,39.300000000000004,11.3,35.7,-13.010156783344728,37.04550005506053,6.975542908827004e-8,4.934062961633752e-7
5071.5,8549.199999999999,18.3,21.7,-5.5,-14.993778063712666,42.69372116989969,2.0327923191891023e-6,1.437870201918253e-5
4761.0,15919.2,20.5,33.9,17.0,-15.03694956019204,42.816648948698564,2.8480152320713526e-7,2.0145079249602125e-6
2587.5,20636.0,27.1,37.5,28.4,-13.022719234310117,37.0812707445052,6.837954147403063e-8,4.836741273479576e-7
2794.5,8254.400000000001,17.8,22.1,-11.8,-13.707244896540596,39.03040908926283,2.378495847068578e-6,1.682399265090925e-5
4657.5,22699.600000000002,13.600000000000001,1.7,36.5,-14.894232355385297,42.41027181530829,5.3581530104750135e-8,3.7900224623801826e-7
5382.0,6780.400000000001,38.3,20.7,44.1,-14.001222165546663,39.867488543139736,1.5832187544583592e-6,1.1198699683506803e-5
6727.5,15034.800000000001,37.5,41.2,30.5,-13.790481190964321,39.267418542795255,2.1366849478232005e-7,1.5113573523279514e-6
5175.0,16214.000000000002,28.2,30.4,10.8,-14.67846654220327,41.7958939429123,2.0105858337122209e-7,1.4221627223813e-6
8073.0,6780.400000000001,22.9,16.1,36.0,-12.653018799176277,36.02857493782097,3.0059827913785573e-6,2.126244300709699e-5
5899.499999999999,9138.8,15.799999999999999,0.2,-26.3,-15.06714382249796,42.902624972237746,1.9361599286197627e-6,1.3695184900251236e-5
2794.5,12381.6,19.6,26.3,-5.6,-13.841495846706193,39.41267916214116,8.023513777780228e-7,5.675332038027798e-6
3829.5,21225.6,23.900000000000002,12.0,-24.5,-14.231244468589269,40.522460760778706,5.8803224930015315e-8,4.1593725096961125e-7
6831.0,16803.6,37.0,43.8,35.7,-13.713557998371678,39.048385199626615,1.35687320295669e-7,9.597672757299064e-7
7866.0,11202.4,0.5,24.3,-3.7,-14.649857066966526,41.714430488298824,2.11381101804761e-6,1.4951777644209033e-5
5485.5,23289.2,28.5,46.1,-47.9,-14.199854896420124,40.43308117704239,2.685968503622621e-8,1.8998861999786282e-7
3933.0,12086.8,31.7,1.3,17.8,-14.18957144861823,40.4037997877059,5.458530391855679e-7,3.86102314664655e-6
3415.5,21815.2,14.1,29.4,-41.0,-14.353350063622447,40.87014779505531,7.021242054219431e-8,4.966387680097422e-7
7555.5,20636.0,31.200000000000003,47.7,-9.1,-13.109301803293471,37.32780847785999,5.917597061336264e-8,4.185738209030936e-7
7452.0,13855.599999999999,4.300000000000001,6.4,15.1,-14.96664146673402,42.61645163182598,9.233797708777565e-7,6.531411227138347e-6
5382.0,7370.0,18.4,48.9,-3.7,-14.875578724482425,42.35715692236922,2.690954306406048e-6,1.9034128451687232e-5
6520.5,15624.400000000001,49.4,18.4,30.4,-13.496936920894846,38.431572022725135,1.2457549236682196e-7,8.811691517754353e-7
5175.0,6485.6,46.6,20.6,-25.7,-13.730869210238833,39.09767764943539,1.3013093141251426e-6,9.204648544744723e-6
7038.000000000001,13855.599999999999,13.3,37.1,-48.5,-14.747428275518118,41.99225759462189,6.59777189749508e-7,4.6668513654391246e-6
5796.000000000001,15919.2,45.400000000000006,21.8,-22.9,-13.920164149979994,39.63668158440356,1.2532440932724778e-7,8.864665221508656e-7
4761.0,13855.599999999999,49.4,20.6,24.8,-13.838987403400992,39.40553654747842,1.9041273775444473e-7,1.3468606659828753e-6
6106.5,10612.8,2.0,33.3,-34.1,-16.06415451544251,45.741542311634845,2.273266706463844e-6,1.607966749668312e-5
2794.5,16508.800000000003,8.4,30.7,-43.4,-14.504910752399628,41.30170612275175,3.9278452878899315e-7,2.7783121983926435e-6
3312.0,13855.599999999999,22.400000000000002,18.6,3.5,-14.22770695341163,40.512387936837975,4.838392393155977e-7,3.422376295716289e-6
6520.5,14445.199999999999,45.400000000000006,1.0,-28.2,-13.633959527724372,38.821734191659985,1.9274297991667586e-7,1.3633433422341428e-6
6417.0,15034.800000000001,17.200000000000003,25.1,-7.1,-14.942223972646026,42.5469245466631,4.1247180362611454e-7,2.9175676726388474e-6
2587.5,15329.6,37.1,41.7,-23.4,-12.837899744218346,36.555010335467415,2.2091972528780017e-7,1.5626480236505864e-6
5692.500000000001,13560.800000000001,7.6000000000000005,3.5,30.6,-15.863239267905845,45.169450373190145,8.575446015318653e-7,6.06573439755223e-6
6106.5,16508.800000000003,39.300000000000004,39.3,49.9,-14.02984507080759,39.948990238794124,1.3110095072117204e-7,9.273261646340893e-7
7555.5,10023.2,14.1,13.3,-26.2,-14.045093350879094,39.99240863641746,1.7434668178960799e-6,1.2332194301511458e-5
2173.5,14740.0,47.199999999999996,4.0,39.7,-11.939091992122227,33.995718915372514,2.0824866673594352e-7,1.473020877057746e-6
3208.5,10318.0,20.900000000000002,13.1,-3.0,-14.117046518764905,40.197290186197634,1.2640032659646898e-6,8.940768882789682e-6
2484.0,18277.6,10.600000000000001,14.6,-3.4,-13.878973531038334,39.51939421409291,2.2637365120274945e-7,1.6012256859260102e-6
7452.0,11792.0,33.00000000000001,8.8,-21.3,-13.325003610434566,37.94200409759899,6.075320002355069e-7,4.297301557096082e-6
3933.0,23584.0,49.900000000000006,18.8,39.9,-13.213735086790631,37.625174856609085,1.2894704282007919e-8,9.120907667067049e-8
7659.0,15034.800000000001,6.6000000000000005,7.5,-10.9,-14.544663486326519,41.4148992172952,6.252194232087885e-7,4.4224113295107635e-6
6934.5,20930.8,1.0,24.4,49.0,-15.303518698733207,43.57568569213506,1.4610624040785994e-7,1.0334642029765723e-6
5382.0,21520.399999999998,31.0,10.1,-44.0,-14.29078073788296,40.691986071197974,4.1377704779657756e-8,2.9268001538973606e-7
8280.0,17098.399999999998,43.0,21.5,-14.3,-11.888778962393543,33.85245612640642,1.257452693040305e-7,8.894434225163553e-7
5382.0,7664.8,28.4,3.8,20.6,-14.439769141476003,41.11621999899748,1.7760853619131822e-6,1.2562917489657205e-5
8073.0,20046.4,31.599999999999998,43.7,-16.9,-12.474640454822339,35.52065523510416,7.336639912051394e-8,5.189480406906983e-7
6831.0,11792.0,40.7,1.7,38.7,-13.574641435968177,38.65283012632483,4.5415881928070777e-7,3.212435559785086e-6
2070.0,6780.400000000001,6.4,38.8,13.9,-13.112932634140158,37.33814701156379,5.079099629460721e-6,3.59263754631308e-5
3105.0,8844.0,27.3,42.3,-14.4,-13.637504264602416,38.83182757889309,1.4882322470199694e-6,1.0526824512882244e-5
8280.0,13266.0,16.6,2.8,38.3,-13.021120361611644,37.07671806773592,7.407428183036347e-7,5.239551604310554e-6
3622.4999999999995,6780.400000000001,18.900000000000002,28.8,-22.4,-14.264934549412592,40.61839087996828,3.1305871337884347e-6,2.2143816226040737e-5
7038.000000000001,6780.400000000001,41.900000000000006,29.1,-5.0,-13.149443322648112,37.4421086113775,1.533521997848911e-6,1.0847175896319264e-5
2173.5,7664.8,16.8,26.7,13.3,-12.85450681265367,36.60229778671642,2.9539353502990335e-6,2.089429194755247e-5
2587.5,7370.0,19.400000000000002,44.4,-16.5,-13.293521183942389,37.85236011775895,2.8331811595918755e-6,2.004015229474309e-5
6313.5,6485.6,5.2,31.2,49.6,-15.25180460417268,43.42843347030497,5.419790003881285e-6,3.8336206181377086e-5
4036.5,14740.0,22.3,32.2,-7.2,-14.713453587882078,41.89551707767599,3.7253170525973805e-7,2.6350563862640277e-6
7348.5,5896.0,34.7,17.7,-31.5,-13.019071273210239,37.07088343361958,2.4219369879018746e-6,1.7131268122938032e-5
2070.0,20930.8,14.2,23.6,8.5,-12.825315264423562,36.51917692049313,9.735044922532002e-8,6.885962169528547e-7
4450.5,7959.6,16.8,33.5,30.2,-14.911742671632062,42.46013120073771,2.4866145448803297e-6,1.7588756726344836e-5
3415.5,12971.2,11.700000000000001,13.3,-26.0,-14.923042750156055,42.492307374045815,8.763827636464505e-7,6.1989837792415145e-6
3519.0000000000005,6485.6,31.200000000000003,32.3,35.4,-13.644247542331746,38.85102858465464,2.2546242234420295e-6,1.5947802226562816e-5
7866.0,10023.2,40.5,32.4,-36.4,-12.50882767399431,35.61800092055846,7.993056625440975e-7,5.653788552561773e-6
4140.0,23584.0,40.0,12.1,-9.8,-13.582097243535888,38.67406001034335,1.7306145967669973e-8,1.2241285724105264e-7
2484.0,18867.2,29.6,17.1,36.1,-12.901093836350912,36.73495103737682,1.0581817730139706e-7,7.484916315685229e-7
7659.0,7959.6,38.900000000000006,38.1,-43.4,-12.710323181592639,36.191745108412526,1.351252607160623e-6,9.557916176482112e-6
6624.0,21815.2,19.1,31.5,-25.9,-14.33081143577547,40.80597064845769,5.848934443356699e-8,4.137170565673302e-7
4347.0,14740.0,39.4,38.3,-30.1,-14.081782740949654,40.096879076280615,2.0937153943217352e-7,1.4809633765212467e-6
2173.5,7664.8,32.4,5.0,-22.2,-12.213853460240971,34.778082737100036,1.871469399211922e-6,1.323760453798897e-5
6210.0,6780.400000000001,0.1,41.7,-2.1,-15.72048445703758,44.76296615918891,6.161949258191565e-6,4.3585776768481185e-5
3001.5,19162.0,45.6,12.9,13.7,-12.903848806927002,36.74279562098326,5.7294225977412585e-8,4.0526353576421904e-7
4761.0,20341.199999999997,12.2,17.8,39.4,-15.278737422587058,43.505122763328586,1.1198717508482224e-7,7.921272651979596e-7
5899.499999999999,6485.6,22.9,47.7,25.6,-14.465458952947786,41.189369917793634,2.856240188509864e-6,2.0203257449427912e-5
3415.5,20930.8,28.4,49.0,23.1,-13.781109402179263,39.24073303795765,5.64580670253928e-8,3.9934907008158584e-7
6624.0,7959.6,24.5,20.5,-10.5,-14.189513965336474,40.40363610814956,1.948358242642003e-6,1.378146814758866e-5
2277.0,16214.000000000002,15.799999999999999,14.4,-26.2,-13.37024598078729,38.070828543077546,3.416551768343749e-7,2.416655127353222e-6
3001.5,12971.2,17.3,8.0,-10.3,-14.202961428221355,40.441926806346416,7.34378290307989e-7,5.194532912200068e-6
5899.499999999999,8844.0,16.9,19.1,28.7,-14.982712099965765,42.66221162182801,2.0003574070607214e-6,1.4149277728215906e-5
2484.0,19162.0,29.700000000000003,12.3,37.0,-12.881680102020766,36.679671803764826,9.71309426683331e-8,6.870435647982897e-7
3622.4999999999995,14740.0,29.400000000000002,1.2,6.1,-14.127160739948371,40.2260897147254,2.9926720407813977e-7,2.116829107889384e-6
6210.0,13855.599999999999,39.1,22.3,50.0,-14.013802158407515,39.903309181893256,2.692751778879766e-7,1.9046842648235155e-6
7659.0,21815.2,11.9,36.5,18.5,-13.73872331314078,39.12004165121106,7.799678459237882e-8,5.517004927269475e-7
4657.5,20341.199999999997,0.3,6.0,39.3,-16.102712742269368,45.85133413180979,1.7710234158513874e-7,1.25271124478078e-6
7555.5,15034.800000000001,19.400000000000002,36.5,39.6,-13.87635299698726,39.51193242895991,4.0317697141154717e-7,2.8518218404306277e-6
4657.5,15919.2,48.60000000000001,30.4,8.3,-13.837401260579115,39.40102011814214,1.1303401172084774e-7,7.99531933107261e-7
4761.0,19751.600000000002,31.900000000000002,43.6,-21.7,-14.34811926971465,40.85525347984192,6.680304000170974e-8,4.725229415188281e-7
6934.5,10318.0,16.1,6.6,-35.7,-14.554152090461713,41.44191734557353,1.4722028127835327e-6,1.0413442316262303e-5
4347.0,9433.6,34.400000000000006,12.3,25.7,-14.169044511837699,40.345350788949524,9.576087033187767e-7,6.773525296223619e-6
2484.0,18572.4,25.6,46.8,-13.4,-13.08489329212324,37.25830697093004,1.2954351780685876e-7,9.163098578631594e-7
7038.000000000001,12971.2,41.7,23.0,14.9,-13.399816117298672,38.15502741263807,3.3116295488965986e-7,2.342439708769603e-6
5692.500000000001,22404.8,33.5,2.9,42.2,-14.075139895795655,40.07796404515299,2.9599621967660592e-8,2.0936922091638854e-7
7866.0,18277.6,20.400000000000002,8.1,33.6,-13.345472311156701,38.00028727329296,1.6498703006866303e-7,1.1670151052782138e-6
3829.5,14150.4,5.8,48.5,8.4,-15.656134547127971,44.579734348022434,7.942289716769434e-7,5.617879215177307e-6
2587.5,23584.0,18.8,37.4,-4.0,-13.028618012396699,37.098067097349634,3.737261047210298e-8,2.6435048213469757e-7
6831.0,22699.600000000002,41.900000000000006,28.8,-10.2,-13.248367053387556,37.723786928844724,2.20247414047673e-8,1.5578925142487247e-7
8176.5,14445.199999999999,22.8,25.9,-24.1,-12.880991219697645,36.67771026014417,4.4640087350774465e-7,3.157560701444952e-6
6417.0,14740.0,12.3,38.5,15.0,-15.249742176926596,43.422560854778766,5.318535987297444e-7,3.7619998569334765e-6
3726.0,11202.4,40.1,10.6,-4.0,-13.71839644508883,39.0621623340009,5.293648513258317e-7,3.7443960136957418e-6
6624.0,14740.0,23.0,16.7,-49.3,-14.504059457749511,41.299282121521465,3.6794040862716797e-7,2.602580424239665e-6
3312.0,18867.2,6.2,37.6,36.9,-15.054588699905128,42.86687514981264,2.1771940760196484e-7,1.5400109770930203e-6
5071.5,11202.4,10.299999999999999,22.7,-30.0,-15.65275884165036,44.57012226575104,1.414096874727213e-6,1.0002437236712326e-5
8176.5,10907.6,24.1,2.6,-36.0,-12.747879528631286,36.29868414686615,1.0695992607168134e-6,7.565676485790727e-6
3726.0,21225.6,27.1,17.8,-32.3,-14.03054989096244,39.95099716426782,5.3151816426986734e-8,3.759627203268855e-7
2794.5,17393.2,20.1,5.4,-28.7,-13.779606623765018,39.23645398284744,2.080025412673817e-7,1.4712799393641235e-6
7141.499999999999,11792.0,5.0,44.8,-28.8,-15.181828446998772,43.2291813184809,1.5225494671847658e-6,1.076956307413041e-5
3105.0,19751.600000000002,4.2,29.4,-49.3,-14.91969327325771,42.482769975793715,1.830190844507705e-7,1.294562584824696e-6
4554.0,10907.6,29.1,37.9,5.9,-14.515442683306794,41.331695050127486,7.857983746309356e-7,5.558246442255033e-6
3105.0,21520.399999999998,31.8,25.1,-38.1,-13.33471300235807,37.96965090347222,4.3807158104255926e-8,3.0986444937945333e-7
2484.0,17393.2,38.7,11.1,14.5,-12.612200319759967,35.91234720846253,1.222355288148028e-7,8.646177124903571e-7
6831.0,11792.0,30.400000000000002,33.5,44.0,-13.980983118314962,39.80985928950129,6.277677322118333e-7,4.440436474264458e-6
3415.5,13560.800000000001,15.600000000000001,26.4,-6.0,-14.687253551222199,41.82091432878672,6.551624852627253e-7,4.634209830888019e-6
6106.5,20046.4,7.3,25.1,34.1,-15.471784627486755,44.054811007591816,1.4703704281457035e-7,1.04004811728916e-6
5071.5,12086.8,41.4,22.0,-7.1,-14.127900285724937,40.228195518960725,3.8625794278372683e-7,2.732147209236385e-6
6831.0,6485.6,41.800000000000004,23.2,33.5,-13.290891774016893,37.84487305919876,1.6200835270618993e-6,1.1459458038045784e-5
5796.000000000001,7370.0,46.300000000000004,46.4,46.7,-13.714896194303659,39.05219561776871,1.07435704164684e-6,7.5993300536538195e-6
5382.0,13560.800000000001,43.5,28.7,19.0,-14.063139611014467,40.04379408409749,2.4685700011323115e-7,1.746112090483192e-6
3105.0,19751.600000000002,10.200000000000001,1.5,17.6,-14.519124930975703,41.342179989593085,1.4752664172491964e-7,1.043511233896978e-6
6520.5,14445.199999999999,8.7,25.3,23.3,-15.439785390374102,43.96369544610274,6.582772317956733e-7,4.65624160060683e-6
6624.0,22699.600000000002,10.9,7.1,-30.3,-14.631320169045566,41.66164798428204,5.997960046848347e-8,4.24258196090575e-7
7659.0,12381.6,30.799999999999997,22.2,-40.7,-13.199754843527018,37.585367103986506,5.700152121019948e-7,4.03193125232055e-6
4554.0,10907.6,49.6,17.8,-14.4,-13.75033618100869,39.15310847004766,4.061797896685012e-7,2.8730618994995873e-6
2587.5,6780.400000000001,0.8,37.8,35.5,-14.2667514432815,40.62356435658813,6.068569100920002e-6,4.292526391469009e-5
5382.0,22110.0,39.699999999999996,37.8,-19.3,-13.93699155146828,39.68459641839447,2.624977955546053e-8,1.8567452992333213e-7
7038.000000000001,15919.2,43.0,32.9,13.7,-13.351766101691164,38.01820839611564,1.4602726280431375e-7,1.0329055647837479e-6
2173.5,11202.4,45.6,23.4,33.5,-11.948439923560741,34.02233648810894,5.436536959641296e-7,3.845466367667975e-6
7555.5,10023.2,3.7,41.7,-17.7,-14.725139783863384,41.92879269311296,2.506635846163486e-6,1.7730374894846e-5
3933.0,22699.600000000002,16.3,18.3,16.3,-14.477477732581495,41.22359254164132,4.936602527964126e-8,3.4918440052476516e-7
7866.0,12086.8,11.1,29.7,1.0,-13.935598929158548,39.68063102500043,1.1654458743656083e-6,8.243635510032559e-6
4554.0,20341.199999999997,46.5,26.2,38.7,-13.757551433907693,39.17365339167555,3.54948943714612e-8,2.510686923360625e-7
4968.0,15624.400000000001,21.6,34.5,-46.6,-15.00981370399715,42.739381519958,2.9616272556653133e-7,2.0948699677342404e-6
3001.5,20636.0,38.3,21.1,-40.5,-13.068781285296762,37.21242917254803,4.681638502829587e-8,3.31149839352853e-7
3105.0,13855.599999999999,42.2,10.3,20.9,-13.207266750360523,37.60675672671641,2.6451518641287964e-7,1.8710150609465692e-6
6727.5,7075.2,42.300000000000004,41.8,-20.6,-13.39014391940997,38.127486514141715,1.374754455735456e-6,9.72415356058059e-6
7452.0,22994.4,32.6,37.9,10.6,-12.96284835847289,36.910792665639896,2.8371699564854086e-8,2.0068366550280035e-7
7659.0,19751.600000000002,18.900000000000002,16.4,-24.3,-13.588384323587627,38.69196202555107,1.1253420244416575e-7,7.959965947512502e-7
6520.5,15624.400000000001,13.4,28.1,24.4,-15.107131941983688,43.01648831048886,4.043649910389325e-7,2.8602251485570227e-6
6831.0,16214.000000000002,28.4,29.2,28.0,-14.084156358080412,40.1036377829595,2.0938130899040962e-7,1.4810324802685454e-6
5899.499999999999,8844.0,14.000000000000002,12.1,-11.1,-15.14902459130289,43.135774662568465,2.2201199154490275e-6,1.570374032298017e-5
5796.000000000001,12676.4,44.6,45.4,-48.6,-13.946916986213557,39.71285839091807,3.025066805700666e-7,2.139743139360215e-6
4450.5,5896.0,34.2,28.4,46.1,-13.963274944639224,39.759436519059335,2.2526777690442323e-6,1.5934034225023423e-5
6003.0,17393.2,31.0,7.1,19.3,-14.380294549668223,40.94687031085595,1.342626549152121e-7,9.496900834908058e-7
2277.0,14150.4,30.500000000000004,44.4,27.1,-12.689451654501752,36.1323149131623,3.80387816827843e-7,2.690625608068395e-6
4657.5,17098.399999999998,10.299999999999999,14.2,27.8,-15.607589658536622,44.441506215722285,2.9950751094597696e-7,2.1185288884391124e-6
4864.5,21520.399999999998,47.9,33.3,-8.3,-13.714000927977631,39.04964641031486,2.4034656975919128e-8,1.7000613763036328e-7
3208.5,15624.400000000001,24.900000000000002,49.5,15.1,-14.00516289678667,39.87870949626829,2.803731717466974e-7,1.9831845352146003e-6
5382.0,5896.0,19.3,21.1,46.3,-14.66210808629827,41.74931439823223,3.692156075591199e-6,2.6116003842644205e-5
7969.5,13560.800000000001,2.5,21.6,-6.7,-14.425841160038033,41.076561058246554,1.0768939555821499e-6,7.617274596822244e-6
4968.0,19751.600000000002,29.5,1.5,-15.6,-14.47460389956184,41.21540950564196,7.219553461878099e-8,5.106660771982485e-7
2898.0000000000005,17098.399999999998,28.1,30.6,40.9,-13.522880785128198,38.505445338777704,1.7368521065894796e-7,1.2285405969067118e-6
3829.5,16803.6,24.300000000000004,22.8,39.9,-14.465304504364337,41.18893013639616,2.0111150118931914e-7,1.4225370299437305e-6
8280.0,13560.800000000001,32.800000000000004,27.3,2.0,-12.283844391053057,34.97737695581802,4.275080243595281e-7,3.023924497868614e-6
7659.0,21815.2,26.0,33.2,43.3,-13.092669972543758,37.28045051766677,4.984052369060986e-8,3.5254070564038785e-7
2587.5,15624.400000000001,46.5,1.3,4.2,-12.509899054212688,35.621051599847235,1.561529454635781e-7,1.1045283136125336e-6
8176.5,21225.6,13.1,41.2,-27.2,-13.021334394790133,37.0773275120506,9.178635754905246e-8,6.492393109545186e-7
5796.000000000001,10318.0,46.800000000000004,32.3,-7.7,-13.824527345828194,39.36436255762019,5.13849335275357e-7,3.6346489530355503e-6
3415.5,9433.6,26.1,40.8,13.7,-13.995106162800102,39.850073658469455,1.3113617217888945e-6,9.2757529920648e-6
8280.0,6190.8,0.9,18.3,13.9,-13.346965288693404,38.004538421092676,6.978474099668499e-6,4.936136302784903e-5
2587.5,13560.800000000001,21.1,36.3,35.6,-13.536043222775083,38.54292444779857,5.719132976234255e-7,4.045357122667434e-6
7866.0,9433.6,44.800000000000004,35.7,-15.9,-12.345200250414,35.15208342007401,8.199667424586612e-7,5.7999321151292164e-6
4450.5,11792.0,17.7,3.3,-40.4,-15.096128516868347,42.985156836740046,9.329785487050636e-7,6.599306980592511e-6
3208.5,12086.8,42.699999999999996,47.1,38.1,-13.262628899471745,37.76439652553537,4.0775831917229337e-7,2.8842274303554744e-6
2277.0,23289.2,44.800000000000004,27.5,-22.2,-11.798462457302769,33.59528627442026,1.99807123471382e-8,1.4133106774287025e-7
3415.5,11497.2,31.3,23.1,-38.0,-13.854644995963355,39.450120433430115,6.620252319471805e-7,4.682752610530299e-6
7762.5,7959.6,3.6,11.4,-22.4,-14.253029834286604,40.584493046747895,4.162973549329248e-6,2.944627230952046e-5
7659.0,16214.000000000002,41.1,18.3,-8.1,-12.808036993253385,36.46997826700175,1.5299410891192363e-7,1.0821846786652803e-6
7141.499999999999,5896.0,31.8,13.5,-26.3,-13.313615569252594,37.909577456825645,2.5996194615220817e-6,1.8388082859052035e-5
8073.0,10612.8,17.1,44.0,-5.5,-13.231153291119858,37.67477195986711,1.4111489237751207e-6,9.981585274656405e-6
7555.5,9728.4,12.3,34.7,7.0,-14.130135116656499,40.23455904176346,1.9924528076158967e-6,1.4093365533484934e-5
6313.5,6780.400000000001,34.0,32.4,-8.9,-13.88588234039348,39.53906655943644,1.867587264366755e-6,1.3210144743099932e-5
6003.0,15034.800000000001,21.0,14.6,-17.8,-14.913414159653883,42.46489064450534,3.572313339990676e-7,2.5268311253442086e-6
7348.5,19456.8,12.500000000000002,16.8,42.8,-14.304064482727725,40.72981059388429,1.4870527792987005e-7,1.0518481695593297e-6
6727.5,14445.199999999999,37.800000000000004,16.6,19.8,-13.78100780773472,39.240443754958484,2.475444098263743e-7,1.7509743970440119e-6
7866.0,20930.8,13.8,14.0,40.6,-13.475865710659422,38.371573243845994,9.58491786400348e-8,6.779771673863003e-7
7555.5,19456.8,13.0,38.8,36.7,-14.047907249433184,40.000421013250445,1.4757767390697933e-7,1.0438722036489288e-6
3312.0,20636.0,27.1,28.8,23.2,-13.773576387776677,39.219283312938764,6.448183718352865e-8,4.561042039362173e-7
3105.0,8844.0,48.2,35.7,47.4,-12.89325224991939,36.712622675364734,7.899033732809643e-7,5.58728263637124e-6
6831.0,9138.8,28.1,41.9,42.6,-13.970708136296247,39.78060200587627,1.3131617319937492e-6,9.288485138936261e-6
3519.0000000000005,22699.600000000002,18.900000000000002,35.3,-32.2,-14.086763245417888,40.11106071002373,4.5841903829294846e-8,3.24256968570401e-7
3726.0,12381.6,40.300000000000004,43.0,32.0,-13.735996249847265,39.11227653162038,3.894429151094517e-7,2.7546757123100328e-6
3622.4999999999995,22699.600000000002,13.700000000000001,28.0,36.8,-14.411352366352395,41.035305244323304,5.452595542181321e-8,3.8568252050176557e-7
6831.0,20636.0,4.1000000000000005,17.9,1.3,-15.19823059939734,43.2758852858206,1.4133923693602112e-7,9.997454006183852e-7
5485.5,12676.4,23.900000000000002,0.0,-14.8,-14.873491854447916,42.35121470773082,5.948935439478331e-7,4.2079050185380186e-6
7348.5,14150.4,23.500000000000004,38.9,-5.0,-13.889849241026054,39.55036202805398,4.4018580494391043e-7,3.113599191917108e-6
3519.0000000000005,6485.6,46.2,11.6,23.6,-13.1590423012299,37.469441023087356,1.417748393502858e-6,1.002826579770049e-5
7555.5,13855.599999999999,21.4,39.5,-42.7,-13.773645266653745,39.219479440656144,5.162931397751163e-7,3.65193489826639e-6
2484.0,18277.6,46.800000000000004,42.6,15.5,-12.318239802206053,35.07531545315104,7.628624715826293e-8,5.396012202997374e-7
4968.0,7075.2,15.5,26.5,-24.7,-14.99567885797038,42.69913354693708,3.200781916969597e-6,2.2640330238384937e-5
2794.5,18572.4,45.400000000000006,7.5,-42.7,-12.718382444776987,36.21469328957828,6.979548912458823e-8,4.936896558158391e-7
8176.5,17393.2,12.4,31.6,4.2,-13.364570252376152,38.05466730839066,2.775998629232973e-7,1.9635678823955126e-6
6106.5,21520.399999999998,42.5,26.2,-25.1,-13.717504613168689,39.05962290577259,2.9047596276846492e-8,2.0546453629109656e-7
6934.5,23584.0,7.500000000000001,1.5,-43.5,-14.430966866067783,41.09115614317135,5.238726274392067e-8,3.7055474555115396e-7
4450.5,9728.4,40.7,18.3,-3.3,-13.981020714699099,39.80996634254087,7.241394357031373e-7,5.1221096557802355e-6
4347.0,16214.000000000002,9.8,50.0,10.0,-15.582875910539123,44.37113556854337,3.8991852638241503e-7,2.758039889115675e-6
3829.5,14740.0,37.0,49.5,-36.8,-13.93771172965591,39.68664707479584,2.3172622713304833e-7,1.639086461771286e-6
2898.0000000000005,21225.6,12.4,0.0,-28.9,-14.022640668092798,39.928476212286746,9.0217223883199e-8,6.381402403821863e-7
6520.5,20930.8,21.8,46.9,0.0,-14.355132530379331,40.87522324291649,6.868849582839262e-8,4.858594773008107e-7
3415.5,6190.8,30.3,23.3,9.6,-13.56962204074599,38.638537753909446,2.504416956299349e-6,1.7714679855137004e-5
6831.0,20930.8,35.0,4.5,36.5,-13.608631169985506,38.749613486763124,4.5481411807078037e-8,3.217070733750985e-7
4450.5,20341.199999999997,22.400000000000002,12.1,-31.1,-14.65277898589748,41.72275044552945,7.827467501116152e-8,5.536661158198449e-7
5692.500000000001,19162.0,40.2,38.7,24.0,-14.042949410738462,39.986303918694325,6.032624547809922e-8,4.2671014617551517e-7
7038.000000000001,19751.600000000002,43.800000000000004,29.1,-40.7,-13.216065927574572,37.631811760670644,4.9444335953507265e-8,3.4973832127397863e-7
5278.5,11792.0,6.7,47.6,31.2,-15.942057414133194,45.393879462629066,1.3985637886012329e-6,9.892565896322345e-6
3105.0,17098.399999999998,49.4,3.9,-47.2,-12.942783128624352,36.85365834466995,8.975240141226686e-8,6.348523768172456e-7
5485.5,21520.399999999998,42.1,26.3,32.8,-13.89037912548559,39.55187083652797,2.8870530689432727e-8,2.0421208502234634e-7
6003.0,18277.6,21.700000000000003,2.4,32.1,-14.783807937925593,42.0958461068989,1.4392949243275506e-7,1.018067248644623e-6
6624.0,13266.0,23.400000000000002,4.9,41.7,-14.478433395748707,41.22631372483084,5.3485832796351e-7,3.783253433057709e-6
8176.5,10318.0,1.0,44.9,-3.7,-14.06338733589902,40.04449946317448,2.598707020608649e-6,1.8381628822463784e-5
3105.0,5896.0,35.800000000000004,40.1,29.6,-13.08144653498847,37.2484925740821,2.32033063499958e-6,1.6412568304050098e-5
4450.5,14150.4,34.400000000000006,48.4,46.2,-14.313795461966611,40.757518868112264,2.866775077422737e-7,2.027777466747005e-6
4864.5,15919.2,9.9,25.8,16.5,-15.714092203164684,44.74476466898626,4.18955435442105e-7,2.9634288307139654e-6
5899.499999999999,10023.2,9.1,33.2,-6.9,-15.553801440742554,44.288348074853744,1.993167229983395e-6,1.4098418910675079e-5
7555.5,10318.0,45.6,14.8,5.0,-12.720472417504103,36.22064433889814,6.14987278933909e-7,4.350035537770037e-6
3105.0,8844.0,26.500000000000004,13.6,33.4,-13.67196178219683,38.92994291993755,1.5264915534914484e-6,1.0797446928178179e-5
6520.5,11202.4,0.6,37.8,34.2,-16.005159700073975,45.573558752891564,2.080414700137431e-6,1.4715552969786853e-5
7555.5,12086.8,27.5,41.9,22.4,-13.454116650250814,38.309644334626626,6.735329798530434e-7,4.764151224883721e-6
6520.5,17098.399999999998,41.4,22.1,-10.0,-13.743638804731424,39.134038165403595,1.067958677812018e-7,7.55407202797025e-7
4243.5,20636.0,19.3,1.0,-5.9,-14.707038944421102,41.87725183472223,8.04394151624606e-8,5.689781343131585e-7
7452.0,13560.800000000001,5.4,41.9,0.9,-14.879319680041789,42.36780902837873,9.579478781342744e-7,6.775924406825531e-6
6106.5,11202.4,35.4,22.2,-10.3,-14.158803202718225,40.31618938652683,5.98082820553696e-7,4.230463967398443e-6
4968.0,9728.4,34.400000000000006,45.5,-1.8,-14.317093210386828,40.76690897318585,8.789419935356104e-7,6.2170861715161455e-6
3415.5,12086.8,13.9,14.8,39.8,-14.760129096868988,42.028422283936095,1.0176138699962395e-6,7.197964331693212e-6
3415.5,15034.800000000001,47.199999999999996,10.3,28.2,-13.297053189109995,37.862417252325606,1.6159945790309026e-7,1.1430535375974194e-6
2380.5,12676.4,26.2,46.4,-24.8,-13.005963161128406,37.03355901279073,6.26640109284253e-7,4.432460374634101e-6
3519.0000000000005,7370.0,30.3,2.6,-43.8,-13.755470226825635,39.16772730190681,1.879206164263062e-6,1.3292329577144541e-5
7452.0,12086.8,45.400000000000006,31.8,40.6,-12.880688223931253,36.6768475011386,3.9002486829803926e-7,2.758792085344713e-6
7452.0,20930.8,10.9,21.8,32.0,-14.143785092661929,40.27342638174014,1.0338577782506242e-7,7.312863583432764e-7
6417.0,15624.400000000001,47.5,31.6,-42.6,-13.614123548641325,38.76525264601223,1.3103230620014846e-7,9.268406162070659e-7
8073.0,18277.6,2.8000000000000003,14.4,-37.9,-14.100844691125763,40.1511566294128,2.977530112792067e-7,2.1061186546621034e-6
5899.499999999999,12086.8,13.4,0.2,-11.4,-15.368913342766943,43.76189230973816,1.0109251492302494e-6,7.150652502601857e-6
3208.5,17982.8,30.000000000000004,42.2,49.1,-13.710757366126089,39.040410597650315,1.2510226702940575e-7,8.848952264132856e-7
3829.5,21225.6,24.900000000000002,41.3,-37.1,-14.187317974147128,40.39738317875112,5.687764086200195e-8,4.0231687309554776e-7
5589.0,18867.2,48.9,4.4,-30.9,-13.78577629866329,39.25402169517022,4.9650863235991166e-8,3.511991661550003e-7
2277.0,18867.2,46.6,33.3,11.4,-12.026182704074444,34.24370354984202,6.744985881672674e-8,4.770981334426348e-7
3312.0,14150.4,45.50000000000001,46.2,-16.5,-13.273731677718875,37.79601090027938,2.171306813931754e-7,1.535846695947742e-6
4657.5,6485.6,0.0,28.4,-6.9,-15.861904708142132,45.165650308753456,6.614209138659448e-6,4.678478042226952e-5
8073.0,12086.8,17.4,24.9,42.7,-13.276652469438018,37.8043276478554,9.630994922513898e-7,6.812363704440235e-6
6727.5,7370.0,41.1,18.0,-0.1,-13.447788243780476,38.291624645375485,1.3291606022764698e-6,9.40165114525537e-6
5175.0,22110.0,33.9,15.7,-36.4,-14.1426639741744,40.270234076232846,3.16641560397544e-8,2.239724442515338e-7
7659.0,5896.0,10.600000000000001,6.6,3.3,-13.66775192189804,38.917955640880294,5.295946242803242e-6,3.746021283927988e-5
4347.0,21225.6,38.6,31.8,47.6,-13.90142277157962,39.5833168366652,3.563815665034581e-8,2.520820401331915e-7
4140.0,23584.0,10.9,22.2,-9.1,-14.7121803657072,41.89189166770086,4.571674087188912e-8,3.233716440582075e-7
4347.0,14740.0,3.2,4.2,41.0,-16.12509787122439,45.915074201165936,7.484634543612015e-7,5.294162557048998e-6
5899.499999999999,22699.600000000002,18.900000000000002,4.9,38.2,-14.578706297111163,41.51183371007959,4.456509065684856e-8,3.152255904175674e-7
3001.5,22994.4,22.5,6.3,-27.6,-13.438072888357716,38.263960858861566,3.8449482103698045e-8,2.7196759882559157e-7
2691.0,22404.8,43.300000000000004,15.8,0.9,-12.454168286340488,35.462362185211674,2.5242934281683128e-8,1.7855273590905594e-7
7038.000000000001,19162.0,11.4,45.7,-44.7,-14.689066884569922,41.826077667083055,1.6603897726814532e-7,1.1744559221184223e-6
5796.000000000001,16508.800000000003,14.3,20.7,-18.6,-15.340996258478988,43.68240038933376,3.038111514494198e-7,2.148970150840858e-6
8176.5,16803.6,44.199999999999996,13.9,-29.4,-12.014383240095876,34.21010541180484,1.2949708551393012e-7,9.159814248511954e-7
4968.0,10612.8,17.5,17.2,-13.2,-15.1635535463077,43.17714483300759,1.2585032875718388e-6,8.901865474076346e-6
4761.0,13855.599999999999,22.8,43.0,9.8,-14.92794615633518,42.50626947588132,4.5521845574954933e-7,3.219930765709619e-6
2380.5,10612.8,32.800000000000004,10.7,31.5,-12.669646926674458,36.075922353256935,8.721507512148111e-7,6.169049169039775e-6
8176.5,6485.6,25.6,15.1,35.8,-12.356359351995893,35.1838581715286,3.0106326642519202e-6,2.1295333300828447e-5
4140.0,22110.0,41.3,30.4,-32.0,-13.67022505227045,38.92499770447082,2.5561984017385516e-8,1.808094942781517e-7
5589.0,16803.6,21.0,35.3,-17.7,-14.988189756043752,42.67780885956692,2.2003928136329965e-7,1.556420313758391e-6
7866.0,18572.4,44.1,38.2,1.4,-12.396135985787948,35.29711931925751,7.57242773880934e-8,5.356261974738543e-7
3415.5,20636.0,44.800000000000004,31.2,34.3,-13.220556104662581,37.644597221922346,3.6955326921745085e-8,2.613988791738521e-7
3105.0,16508.800000000003,12.100000000000001,34.1,-10.4,-14.595897214533998,41.56078362997666,3.4107833316148797e-7,2.4125748958382777e-6
5071.5,22110.0,47.9,48.6,-43.5,-13.696001984136503,38.99839569241648,2.0214734340900712e-8,1.4298639302252722e-7
2691.0,6485.6,10.4,8.4,30.9,-13.765599064449464,39.19656844971632,4.648210384932414e-6,3.287853432763561e-5
6520.5,6190.8,45.300000000000004,8.4,42.8,-13.366746822609551,38.06086493799505,1.5237521581510484e-6,1.0778070158136043e-5
3208.5,7664.8,8.9,22.1,-6.5,-14.573646835956096,41.49742725275712,3.641082803895217e-6,2.5754743448294515e-5
2794.5,10318.0,9.1,36.1,-40.4,-14.36673004242833,40.9082463371228,1.922612168966868e-6,1.3599356518159463e-5
2380.5,7075.2,39.6,9.9,-16.7,-12.229205733254329,34.821797247244184,1.7105355899787318e-6,1.2099259382936884e-5
3622.4999999999995,9138.8,5.8,23.3,-21.7,-15.283289960039518,43.518085791314995,2.835477596789919e-6,2.005639585581164e-5
3726.0,9433.6,22.400000000000002,36.5,-11.9,-14.39039947081184,40.975643358169584,1.4597563576931912e-6,1.0325403874140213e-5
4036.5,19751.600000000002,10.8,4.4,14.3,-15.171664314347518,43.20023967059177,1.4089451783233493e-7,9.965997357052607e-7
3105.0,11497.2,38.0,13.1,21.8,-13.325357046712252,37.943010482364,5.516143900974707e-7,3.901775341156633e-6
7555.5,14445.199999999999,31.0,30.2,-4.9,-13.328784613946322,37.952770237315775,3.274472216520142e-7,2.3161569348223887e-6
3105.0,22994.4,21.4,42.7,-27.6,-13.585648808054849,38.684172838796584,3.955988087532404e-8,2.798218655448035e-7
2691.0,15329.6,43.300000000000004,4.5,33.1,-12.739676514255526,36.27532664436927,1.8225998310837446e-7,1.2891931764982082e-6
7141.499999999999,15624.400000000001,0.7000000000000001,26.6,13.0,-15.575161118668673,44.3491682450622,6.582469571509721e-7,4.656027456697102e-6
5485.5,7959.6,32.0,4.8,-20.2,-14.30367284419546,40.72869543091178,1.4681407101853501e-6,1.0384709541999404e-5
6727.5,15919.2,2.3,17.5,43.9,-15.779925120834406,44.9322192397338,5.6850636130429e-7,4.0212585850702825e-6
6003.0,17098.399999999998,31.599999999999998,36.4,46.0,-14.362985344139016,40.897583573959,1.4272841945206645e-7,1.0095716092575648e-6
4761.0,14445.199999999999,9.700000000000001,39.0,-8.4,-15.732569063991216,44.79737622166339,6.266938400893168e-7,4.432840432758077e-6
7866.0,21520.399999999998,8.4,9.5,-13.8,-13.700687149185798,39.01173636809836,9.641188255130316e-8,6.819573830673512e-7
3933.0,15329.6,3.3000000000000003,44.7,17.2,-15.911126118210866,45.30580478804553,6.388498272425755e-7,4.518824286285937e-6
4761.0,6780.400000000001,18.900000000000002,41.3,-39.8,-14.75981482050464,42.02752740425384,3.0460719591833936e-6,2.1546008717485298e-5
4036.5,23584.0,38.2,43.6,-10.4,-13.58751147106965,38.68947663981372,1.841485105508526e-8,1.302551438970035e-7
4761.0,12971.2,49.900000000000006,30.5,-4.8,-13.8176859061645,39.34488204268006,2.3610134720710108e-7,1.6700333259684326e-6
7452.0,14445.199999999999,26.3,18.5,-1.1,-13.649035136643452,38.86466092040923,3.7533355746421233e-7,2.6548749371162835e-6
6624.0,9433.6,17.0,48.7,32.5,-14.673540696573241,41.78186794632399,1.7561181620396069e-6,1.242168200070469e-5
3622.4999999999995,8254.400000000001,23.8,42.1,-39.6,-14.173779993355453,40.35883473720685,1.866145153375721e-6,1.3199944151518134e-5
2277.0,22404.8,45.699999999999996,36.7,14.4,-11.85134004365012,33.745851456725255,2.5227201057707586e-8,1.784414489186389e-7
7141.499999999999,9433.6,47.5,25.5,30.0,-13.033291842296762,37.11137549697436,6.888827124457099e-7,4.8727256370067116e-6
7866.0,22699.600000000002,46.1,38.7,-17.5,-12.101768512177014,34.45892878538757,2.209391321622337e-8,1.562785295747676e-7
3001.5,16803.6,49.900000000000006,45.9,-44.9,-12.83567657139988,36.5486800083154,9.715590120042431e-8,6.87220105850904e-7
4140.0,18277.6,28.2,30.1,47.9,-14.388526407823226,40.97030994396501,1.1614750270682997e-7,8.215548218717698e-7
6831.0,10023.2,31.0,32.5,-40.4,-13.893394586827993,39.56045714915986,9.612949336362782e-7,6.79959938495816e-6
2898.0000000000005,17982.8,7.500000000000001,8.0,-44.7,-14.613120071495437,41.60982449543949,2.6910922640028194e-7,1.9035104277479437e-6
7141.499999999999,17393.2,9.3,23.3,-50.0,-14.844392360778075,42.26835596035453,2.9438449439660604e-7,2.0822918721402065e-6
6210.0,10907.6,47.6,29.3,15.4,-13.673195870892208,38.93345690011309,4.402229950801994e-7,3.113862251690949e-6
5796.000000000001,15034.800000000001,42.5,1.0,39.4,-14.029075446276348,39.94679878745133,1.7412357126677163e-7,1.2316412857952641e-6
6934.5,11202.4,38.900000000000006,10.5,-28.9,-13.54921962089045,38.5804433082897,5.622854172384921e-7,3.977255515914752e-6
3829.5,19751.600000000002,44.3,20.8,-14.1,-13.555612736938599,38.59864725346329,4.6638874251807455e-8,3.298942390949089e-7
3622.4999999999995,16803.6,43.6,15.2,-40.5,-13.543675195507596,38.564655949658516,1.0980412709544687e-7,7.766857485036592e-7
6210.0,7959.6,45.8,13.0,-25.3,-13.619416577589257,38.78032417108637,9.637659170044805e-7,6.817077576512872e-6
7969.5,10023.2,37.5,48.6,42.5,-12.475468811141429,35.52301392105964,8.830636027300843e-7,6.246239858239295e-6
5692.500000000001,10318.0,16.500000000000004,25.8,8.9,-15.158155109089655,43.161773165349466,1.4075684689345482e-6,9.956259375517693e-6
7555.5,12086.8,23.1,25.3,-47.5,-13.659574185420219,38.89467011541168,7.732330834031632e-7,5.469367427589896e-6
6520.5,15624.400000000001,18.3,8.2,-17.2,-14.811950365282858,42.17597967573848,3.399379648963482e-7,2.404508643658066e-6
7452.0,21225.6,28.3,38.5,-45.5,-13.288317718441768,37.83754361824228,5.40736809545148e-8,3.824834136698573e-7
3726.0,16214.000000000002,44.199999999999996,11.4,-33.1,-13.599052106997648,38.722337783309705,1.2553332834388854e-7,8.879442846640654e-7
2173.5,16803.6,5.500000000000001,33.6,9.0,-13.824768235007342,39.365048472493086,4.096514418423036e-7,2.8976181965940513e-6
7969.5,11497.2,28.3,17.1,6.3,-12.887578695773094,36.696467631738756,7.957191901240432e-7,5.628420088827836e-6
3519.0000000000005,22699.600000000002,11.9,24.1,28.1,-14.428518085850476,41.084183414920865,5.823584159466333e-8,4.119239359680421e-7
2898.0000000000005,7959.6,5.4,28.4,-47.4,-14.512569963040322,41.32351518261998,3.87694406138087e-6,2.7423078529671018e-5
3622.4999999999995,7664.8,17.5,37.1,33.2,-14.428029742399977,41.08279289152389,2.6605145412690493e-6,1.881881658322573e-5
4554.0,20341.199999999997,46.5,15.1,-18.1,-13.757551433907693,39.17365339167555,3.54948943714612e-8,2.510686923360625e-7
3829.5,13560.800000000001,19.2,12.8,48.5,-14.767041946226486,42.04810613290922,5.695163350076459e-7,4.028402507639588e-6
3312.0,22994.4,23.400000000000002,39.8,16.3,-13.691386607381949,38.98525373398202,3.66298315078602e-8,2.590965281069569e-7
2484.0,7664.8,23.2,21.8,22.0,-13.017547503399692,37.06654460699286,2.3664694074178996e-6,1.673892513542505e-5
6210.0,21225.6,45.699999999999996,49.5,-23.9,-13.594337681617441,38.708913790908156,2.8762037631125653e-8,2.0344467295480694e-7
5692.500000000001,22110.0,17.8,34.2,-27.5,-14.76030524894944,42.02892386450382,5.488507345903367e-8,3.882226969861819e-7
7555.5,21520.399999999998,36.0,44.9,48.1,-12.871547042393507,36.65081863410849,3.976724408260454e-8,2.8128862323523866e-7
5485.5,22699.600000000002,0.3,15.3,5.4,-15.75535220593068,44.862249604813066,8.829248033460352e-8,6.24525807817015e-7
2277.0,14445.199999999999,22.700000000000003,48.8,-25.7,-13.037619407142493,37.123697931407655,4.4326732926615583e-7,3.1353959684870358e-6
7969.5,12381.6,17.0,27.2,41.3,-13.457065162187401,38.31804001353497,8.973796230281619e-7,6.347502435839323e-6
5382.0,10907.6,8.600000000000001,37.1,-49.8,-15.750754271977844,44.849157313506126,1.6248559174084998e-6,1.1493214943788308e-5
3519.0000000000005,23584.0,6.3,46.2,23.8,-14.578199547990305,41.51039077784494,5.456226762417625e-8,3.8593937031987513e-7
4243.5,8549.199999999999,28.2,31.6,-43.5,-14.335512829892684,40.81935753524129,1.4639252761772233e-6,1.035489219720121e-5
3622.4999999999995,22699.600000000002,21.900000000000002,34.4,38.5,-14.029652519757079,39.94844196331745,4.128821789638706e-8,2.9204704112225754e-7
5278.5,12676.4,19.9,20.9,-29.5,-15.104829399607663,43.00993198414721,6.835739095407068e-7,4.835174484176667e-6
3312.0,15034.800000000001,42.1,13.7,9.4,-13.389019367148457,38.12428443120403,1.9024586155695468e-7,1.3456802880883146e-6
3312.0,7370.0,19.5,40.7,-47.8,-14.057595646434107,40.0280080375831,2.703385499196366e-6,1.912205893784053e-5
4761.0,6190.8,37.400000000000006,24.4,-31.2,-13.956827554165907,39.74107803130245,1.8800882043907215e-6,1.3298568577579979e-5
2277.0,23289.2,14.3,35.3,-48.4,-12.834226134090693,36.544549990793406,4.79407712079193e-8,3.391030442516897e-7
6417.0,12676.4,48.1,11.7,-9.2,-13.590777013045516,38.6987750393256,2.7966577671600266e-7,1.9781808650117004e-6
7348.5,20341.199999999997,27.400000000000002,15.7,27.9,-13.500261295754065,38.44103794471131,7.104631808571297e-8,5.025372379024099e-7
2691.0,13855.599999999999,34.7,12.3,-0.6,-13.056437678070495,37.17728162515582,3.459969581608732e-7,2.4473661740926514e-6
3829.5,7959.6,26.6,40.7,8.7,-14.158781017300823,40.31612621513401,1.809240231678031e-6,1.2797434310846169e-5
2898.0000000000005,18572.4,5.500000000000001,19.7,33.4,-14.711858413242933,41.89097493087105,2.4509233662732455e-7,1.7336299642037574e-6
6727.5,13855.599999999999,10.299999999999999,9.2,-12.6,-15.188930591868973,43.249404173035764,7.279443357809952e-7,5.149023140210415e-6
7866.0,7664.8,14.4,34.7,26.7,-13.435621070670711,38.256979481628015,3.11656238351689e-6,2.204461391051426e-5
7141.499999999999,11792.0,18.0,10.3,-46.4,-14.335952934772276,40.8206107027204,9.60606523755971e-7,6.794730003840098e-6
7348.5,16214.000000000002,10.8,41.5,1.6,-14.58719947051897,41.53601741986301,3.882420354439842e-7,2.7461814403139927e-6
6210.0,11497.2,49.5,8.3,32.9,-13.625798376344937,38.798495891092095,3.576742253643043e-7,2.5299638619781935e-6
5899.499999999999,15329.6,13.5,38.6,-38.1,-15.389014485616698,43.819128890433156,4.3088907207305896e-7,3.047839915654574e-6
3519.0000000000005,18867.2,9.8,30.5,12.2,-14.979697993885564,42.65362916822005,1.899540457292348e-7,1.3436161653583847e-6
2691.0,9433.6,28.4,18.9,-41.5,-13.186446813476085,37.54747343091095,1.2881967450140167e-6,9.11189842847607e-6
7866.0,10612.8,40.800000000000004,46.7,-38.6,-12.520268041367567,35.650576556431325,6.839208491794609e-7,4.837628518283938e-6
4657.5,22404.8,36.5,33.3,-16.4,-13.971165912103073,39.78190549006073,2.6847384587611037e-8,1.8990161431426678e-7
7038.000000000001,21520.399999999998,41.0,9.0,39.1,-13.205545609959637,37.6018559012983,3.245992984946643e-8,2.2960125068518036e-7
2380.5,14150.4,15.700000000000001,17.6,43.2,-13.55113080442383,38.5858852680439,5.906523104853271e-7,4.177905184528665e-6
6624.0,19456.8,34.6,4.1,32.1,-13.849994551957801,39.436878623470534,6.911024906225445e-8,4.888426960084379e-7
2484.0,10318.0,1.4000000000000001,4.5,3.7,-14.510954110799533,41.31891415779829,2.5490239103460805e-6,1.8030201561002743e-5
4036.5,13855.599999999999,6.4,23.7,21.4,-15.72585204350653,44.778249981532156,8.363870879219582e-7,5.916079373380845e-6
6210.0,8844.0,29.900000000000002,28.4,47.5,-14.239509589463895,40.545995107126565,1.2920839987496297e-6,9.139394431195931e-6
3105.0,9728.4,46.5,40.0,-17.3,-12.980505824002465,36.96107104821939,6.675475270598832e-7,4.721813873768057e-6
2277.0,17098.399999999998,48.60000000000001,21.2,-43.6,-12.017164285946464,34.218024242915206,1.0422253791468419e-7,7.372050760974911e-7
3312.0,22994.4,9.2,28.1,-25.6,-14.355914425990854,40.87744963528913,5.900492243631351e-8,4.173639330333407e-7
4968.0,15919.2,11.4,47.4,-28.7,-15.621427490259068,44.48090846154732,3.957539919665218e-7,2.7993163244824407e-6
7762.5,22994.4,43.7,43.9,40.6,-12.272091774081959,34.943912211305395,2.1330119446266493e-8,1.5087592994929334e-7
4347.0,8549.199999999999,44.3,36.1,-3.2,-13.775397432381057,39.22446860846494,8.66761763039746e-7,6.130930835738972e-6
2070.0,13560.800000000001,11.5,4.0,14.7,-13.310214264291874,37.89989248183749,8.047478242758869e-7,5.692283002360174e-6
4036.5,22110.0,36.4,44.9,23.3,-13.781637652725419,39.24223719397798,3.0007347051441555e-8,2.1225321326036363e-7
3933.0,9433.6,39.4,37.0,-50.0,-13.801092033741876,39.297632166153015,8.310027897577922e-7,5.877994214285076e-6
6106.5,9138.8,10.200000000000001,22.5,-4.3,-15.335036290717284,43.665429803231085,2.3823587171520826e-6,1.685131617891809e-5
4968.0,19456.8,30.9,39.6,37.1,-14.432245973757237,41.094798311729726,7.488718709012025e-8,5.297051440321993e-7
2380.5,9728.4,33.8,28.5,6.1,-12.592898472809253,35.857386566237224,1.0564005389210899e-6,7.472316979291555e-6
4036.5,13266.0,34.1,28.0,22.5,-14.159269792446548,40.317517967736435,3.706314560816183e-7,2.621615211562384e-6
7038.000000000001,18277.6,32.0,23.7,40.7,-13.706812876981642,39.02917894418014,1.0737500174845127e-7,7.595036344224597e-7
7555.5,9433.6,26.8,23.5,-0.4,-13.376814178292467,38.089531020314176,1.3402850605167923e-6,9.480338608137091e-6
4140.0,9138.8,33.8,24.8,34.5,-14.096479033852704,40.13872572951656,1.0581149161203386e-6,7.484443411816799e-6
8280.0,17098.399999999998,35.3,42.6,-16.8,-12.154969541327654,34.61041494818761,1.548825385872377e-7,1.09554224959331e-6
6934.5,6190.8,28.5,24.6,32.0,-13.639047451811695,38.83622169517376,2.651515305597071e-6,1.8755161616160825e-5
3208.5,6780.400000000001,25.8,19.9,-28.1,-13.628406711706086,38.80592294130482,2.548095504350584e-6,1.8023634597404912e-5
3415.5,16508.800000000003,25.9,7.2,9.1,-14.113132922344649,40.18614649755847,2.109713635828685e-7,1.4922795323964866e-6
5589.0,13266.0,36.0,49.0,8.1,-14.317672875355742,40.76855952812978,3.4049452207431226e-7,2.4084453811904933e-6
6313.5,7075.2,10.299999999999999,49.0,16.8,-15.014684800254631,42.75325162158478,3.906603040158808e-6,2.7632867603555042e-5
5278.5,19162.0,22.5,4.7,26.5,-14.838395885757574,42.251281422412205,1.0823910896894006e-7,7.656157886837415e-7
5589.0,17098.399999999998,29.0,10.9,17.9,-14.584902174229985,41.529476031383,1.542162975937948e-7,1.0908296773215388e-6
4347.0,8254.400000000001,35.900000000000006,42.4,26.8,-14.04920335957693,40.00411159509584,1.2171929600759114e-6,8.609662043469264e-6
7659.0,16508.800000000003,35.4,37.4,-42.2,-13.01148261250965,37.04927525971449,1.6682570444702317e-7,1.1800207383412566e-6
6417.0,22404.8,7.1,46.0,27.1,-15.024186690216588,42.780307580318535,7.478499846660697e-8,5.289823255950291e-7
8176.5,15624.400000000001,45.300000000000004,38.7,-38.5,-11.997018496297422,34.16066053362111,1.7294873608784713e-7,1.223331236214721e-6
3208.5,20046.4,17.8,37.3,35.5,-14.162476812205137,40.32664972937782,1.0408852246905437e-7,7.362571346179367e-7
5796.000000000001,11497.2,3.8000000000000003,26.1,14.8,-16.076243471818447,45.77596475875512,1.6922225468528513e-6,1.1969724364683512e-5
5589.0,14445.199999999999,10.4,29.2,-10.7,-15.683333453030697,44.65718130632917,6.102848079666899e-7,4.3167731980055534e-6
5796.000000000001,16508.800000000003,17.1,34.2,-15.9,-15.170673532179611,43.19741848854573,2.7455187650836033e-7,1.9420083320148925e-6
7866.0,12381.6,4.0,46.8,-48.2,-14.432312733592408,41.094988405609804,1.380996464924315e-6,9.768305631247309e-6
7762.5,17393.2,13.700000000000001,47.0,-37.9,-13.882917034521471,39.53062306097787,2.5960316203616836e-7,1.8362704713704605e-6
2173.5,12971.2,10.200000000000001,19.7,20.7,-13.55065726070509,38.58453688583732,9.722419425602097e-7,6.877031682312242e-6
3622.4999999999995,17098.399999999998,12.100000000000001,44.7,47.8,-15.008633745025767,42.736021670343206,2.85323688038955e-7,2.01820139253718e-6
5692.500000000001,9433.6,19.5,13.5,-14.3,-14.938472414086666,42.53624224934566,1.5744550431410492e-6,1.1136710668483368e-5
6106.5,14445.199999999999,33.6,10.0,42.3,-14.276596329056987,40.65159697161809,2.740705488594385e-7,1.938603721139444e-6
2587.5,20341.199999999997,38.5,12.5,-20.1,-12.622849984794165,35.94267137543956,5.316249399257989e-8,3.7603824675056634e-7
6831.0,10907.6,48.8,2.5,2.1,-13.283169088468915,37.822883259042726,4.444760580882917e-7,3.143945760510267e-6
5796.000000000001,6190.8,7.2,11.2,-20.7,-15.282158433906973,43.514863850785694,5.357214223269859e-6,3.789358423001693e-5
4761.0,9728.4,37.7,14.5,43.8,-14.163402549215418,40.32928569995293,7.912098421340624e-7,5.596523780269075e-6
6417.0,21520.399999999998,8.7,35.4,46.7,-15.055256783040678,42.86877746921975,9.146396773415674e-8,6.469589269533363e-7
5278.5,16508.800000000003,49.1,1.9,-14.4,-13.866497591512388,39.48386985985538,9.419606832468096e-8,6.662840984953318e-7
2587.5,16803.6,49.300000000000004,45.3,15.5,-12.406059069075065,35.325374596157054,1.0499064954627276e-7,7.426382175767378e-7
4657.5,15034.800000000001,27.0,39.1,36.6,-14.695018505372564,41.84302448581633,2.888308817009519e-7,2.0430090878995547e-6
7348.5,13855.599999999999,8.4,19.9,11.8,-14.77684358758358,42.076015612510965,7.933733512138914e-7,5.611827090932442e-6
6520.5,19751.600000000002,23.3,40.1,-2.4,-14.376232424606714,40.93530369742622,9.148407429909771e-8,6.471011482236483e-7
7141.499999999999,19456.8,22.000000000000004,16.8,-32.7,-13.999174994672233,39.86165936905665,1.0706067835312824e-7,7.572803072304273e-7
2794.5,22404.8,15.5,40.6,-22.3,-13.599018206719686,38.72224125466246,5.7999506048676434e-8,4.1025224606632014e-7
6624.0,5896.0,28.3,12.4,-23.0,-13.836717175325736,39.39907223382049,2.810475858570282e-6,1.9879549190056245e-5
4968.0,21225.6,3.9000000000000004,9.0,25.2,-15.753475361445142,44.85690542307555,1.1854523823205444e-7,8.385149039778275e-7
4864.5,22994.4,2.3,47.8,-17.8,-15.554315857969545,44.28981284149612,7.471644057914883e-8,5.284973899596867e-7
2277.0,13266.0,13.3,21.6,-28.9,-13.529545985204038,38.524424023963135,8.096142055516553e-7,5.726704741175045e-6
2587.5,11202.4,4.8,34.6,39.9,-14.457485350998416,41.16666565095409,1.80542491993361e-6,1.2770447180795817e-5
6727.5,8844.0,28.8,28.3,-9.3,-13.996226627887546,39.853264103456745,1.3717766790768269e-6,9.70309063012285e-6
3726.0,7664.8,48.50000000000001,36.6,-43.7,-13.304056465053376,37.88235858460207,9.79673076717202e-7,6.929594879594777e-6
3208.5,10907.6,43.300000000000004,21.9,-48.2,-13.214982415373928,37.62872653641381,5.403742606007564e-7,3.8222696921217385e-6
3415.5,10318.0,11.4,43.5,-15.4,-14.834922567389034,42.24139139433211,1.7364848714166054e-6,1.2282808377039697e-5
4140.0,6485.6,44.5,7.6,18.6,-13.567546811811829,38.63262868648653,1.4290881710468138e-6,1.0108476294724309e-5
6727.5,16214.000000000002,29.6,41.8,44.6,-14.102857278172019,40.156887328502975,2.0018830366710722e-7,1.4160069078297173e-6
7762.5,21815.2,41.800000000000004,5.2,32.3,-12.423053100399757,35.37376389683362,3.169574557044867e-8,2.2419588884274508e-7
7348.5,16214.000000000002,28.2,4.6,41.4,-13.649445773318416,38.86583017924471,2.1839991137490538e-7,1.5448244353502539e-6
2380.5,7959.6,48.2,12.9,-31.0,-12.032803629059705,34.2625561648507,1.0903024585485449e-6,7.712117964173232e-6
3001.5,14445.199999999999,6.9,13.7,23.7,-14.882380736257659,42.37652516918543,7.170328724470767e-7,5.071842270137944e-6
5382.0,8254.400000000001,29.6,24.2,-41.2,-14.432064549478488,41.09428171892279,1.4795008855107629e-6,1.0465064320177108e-5
5382.0,11202.4,8.7,17.6,-49.6,-15.758984420921479,44.8725920797617,1.5031095574696028e-6,1.063205730611096e-5
2380.5,10023.2,4.7,10.5,-40.8,-14.092229463147744,40.126625377887926,2.443485450529702e-6,1.728368847605144e-5
7141.499999999999,18277.6,15.5,2.8,-14.7,-14.412276308853354,41.037936105168754,1.8533817830464622e-7,1.3109664049122777e-6
2380.5,6485.6,44.5,9.8,48.7,-12.038728817744307,34.27942772000023,1.7191796776232808e-6,1.2160402254884692e-5
7555.5,11497.2,11.000000000000002,46.6,29.8,-14.31248453393828,40.75378609340135,1.3394180469937779e-6,9.474205896508684e-6
7452.0,6485.6,41.4,48.5,-17.3,-12.754792730320634,36.31836899908036,1.74482279391162e-6,1.234178562812587e-5
4968.0,16214.000000000002,33.00000000000001,2.0,40.6,-14.456379002923269,41.16351540316561,1.7132459042473165e-7,1.2118430451657696e-6
4243.5,9138.8,49.900000000000006,22.6,8.1,-13.588437349299015,38.69211301250116,6.333657348546189e-7,4.4800332452397235e-6
8176.5,16803.6,3.0,33.2,-28.9,-14.008841553757751,39.88918421148229,4.4629900238867467e-7,3.1568401288357186e-6
2691.0,7959.6,49.900000000000006,49.8,-21.4,-12.373591547211795,35.23292562702066,9.881054830279443e-7,6.989240450124678e-6
7762.5,6485.6,20.400000000000002,18.9,-29.2,-13.153559986892954,37.45383052126913,3.3863626351693536e-6,2.395301221888585e-5
8280.0,18867.2,49.4,24.8,35.4,-11.64015102397968,33.144505679742,6.518360599299996e-8,4.610680777675438e-7
5692.500000000001,14150.4,20.7,6.0,-2.8,-15.02191023669433,42.77382554011852,4.53938241820104e-7,3.2108753327278363e-6
2070.0,7075.2,3.7,8.5,25.5,-13.318575020950478,37.923699144316274,5.1783459520107834e-6,3.662838190273418e-5
2173.5,14150.4,2.2,41.5,-29.0,-14.122077554972545,40.21161570550842,9.368565672405742e-7,6.626737659280445e-6
8073.0,16508.800000000003,32.5,34.0,6.5,-12.588726572940946,35.845507376815064,1.9101413994699786e-7,1.3511146091126162e-6
5382.0,13560.800000000001,13.0,2.1,-50.0,-15.530220068918565,44.22120178863493,6.979518524692983e-7,4.936875063752596e-6
5589.0,23289.2,21.8,32.3,36.6,-14.447970906488406,41.13957394403098,3.373099149347734e-8,2.38591946121562e-7
2794.5,16508.800000000003,23.8,42.8,-39.9,-13.624438196430939,38.794622875114655,2.354500272430041e-7,1.6654262957300308e-6
7555.5,6485.6,39.5,23.4,38.7,-12.701044986858252,36.165326106005764,1.8674777183995058e-6,1.3209369883412786e-5
6727.5,8844.0,41.3,2.9,38.5,-13.524390983014964,38.50974552029185,9.239553874759526e-7,6.535482779094063e-6
3208.5,9138.8,17.4,0.0,41.3,-14.226057249977977,40.5076905231427,1.9011285009604387e-6,1.3447394481689985e-5
7244.999999999999,15329.6,10.9,24.0,-25.3,-14.705239145502823,41.8721270347535,4.893096812794208e-7,3.4610707821960596e-6
3001.5,15624.400000000001,42.8,41.4,10.7,-13.082912842193274,37.252667780008174,1.643551007377457e-7,1.1625452322564255e-6
6520.5,19751.600000000002,48.0,31.4,40.7,-13.441426279266848,38.27350940198035,4.163259243864871e-8,2.944829313405696e-7
3001.5,22110.0,23.0,48.5,5.0,-13.52341481790165,38.50696595927175,4.9028380187154957e-8,3.467961102270939e-7
2173.5,7664.8,24.4,46.4,-33.3,-12.518588466686184,35.645794086467866,2.353812488750827e-6,1.66493980055373e-5
2898.0000000000005,17982.8,34.1,21.2,33.1,-13.24548385244497,37.71557721833975,1.1324709437128529e-7,8.010391465629481e-7
3933.0,18572.4,5.7,36.1,-23.1,-15.564388190164738,44.318493094083145,2.3852027606388173e-7,1.6871433164524212e-6
2070.0,16508.800000000003,34.50000000000001,19.0,-23.0,-12.19503338189605,34.72449389686457,1.8601459129949866e-7,1.3157509275627597e-6
4761.0,22110.0,32.800000000000004,1.8,-47.5,-14.146219523702552,40.28035825172765,3.294162384850506e-8,2.330084528923236e-7
4243.5,21815.2,38.2,38.2,-25.9,-13.835161128174068,39.39464149975072,3.0571127567432295e-8,2.1624104417015646e-7
6727.5,16508.800000000003,48.8,18.0,25.2,-13.379098507578048,38.09603548618687,1.0159427120858675e-7,7.186143605397953e-7
2587.5,12676.4,38.2,33.3,-13.3,-12.788635333066575,36.41473341364181,4.297496155896964e-7,3.039780112848633e-6
4347.0,15624.400000000001,36.8,6.7,30.5,-14.17580890954879,40.364611932391085,1.7971890038336656e-7,1.2712191459176735e-6
5382.0,12971.2,26.6,15.1,-43.7,-14.755355672927754,42.01483029733546,5.019458285153545e-7,3.550450987965671e-6
4347.0,21225.6,42.0,0.6,7.1,-13.789066037807654,39.26338899441794,3.1987020565436156e-8,2.2625618606004013e-7
5175.0,15919.2,25.000000000000004,13.6,-36.7,-14.838100347311551,42.25043989761619,2.4290479679507713e-7,1.7181566750211589e-6
4036.5,17098.399999999998,43.900000000000006,32.2,-47.0,-13.762866302755114,39.188787104329236,9.756444019985648e-8,6.901098553253578e-7
3001.5,15919.2,42.300000000000004,48.5,-33.4,-13.09684198152345,37.29233001778191,1.5407707801729859e-7,1.0898449250737176e-6
2173.5,21815.2,41.0,1.4,-7.0,-11.878716397443673,33.82380368534897,3.4594287350239985e-8,2.446983613030876e-7
2484.0,18867.2,10.600000000000001,15.2,-28.0,-13.838494534638448,39.404133138589415,1.9185200300174224e-7,1.3570411285525643e-6
6727.5,15919.2,27.6,32.4,-14.6,-14.198814729839434,40.430119376378144,2.3140210342314206e-7,1.636793813280783e-6
2587.5,10023.2,30.6,14.5,-42.3,-13.001304521913104,37.02029386754525,1.0525821663683632e-6,7.445308198996782e-6
7659.0,19751.600000000002,47.3,32.7,44.7,-12.501051732704882,35.59585947843158,4.818720195254942e-8,3.4084614127736874e-7
4968.0,17098.399999999998,15.600000000000001,12.7,-15.5,-15.313492585703022,43.604085628920714,2.45735621668296e-7,1.7381801604191858e-6
7244.999999999999,16803.6,13.3,38.7,-16.6,-14.513725394672122,41.326805192366855,3.0179064846059187e-7,2.1346783758616935e-6
6210.0,19456.8,43.1,30.8,-14.5,-13.764543721695667,39.19356343597781,5.1628312931641074e-8,3.651864090539775e-7
6313.5,12971.2,38.2,24.3,19.0,-13.994312197022252,39.84781289714695,3.50746598167561e-7,2.480962158153529e-6
3208.5,10907.6,3.5000000000000004,33.9,0.8,-15.248010511329218,43.41763005962049,2.0129181281294435e-6,1.4238124416433063e-5
4036.5,19162.0,22.3,27.4,-2.8,-14.572570912246334,41.49436363619146,1.1098631166298013e-7,7.850477830645816e-7
6727.5,7959.6,44.1,8.5,28.2,-13.387741413489092,38.12064554866721,1.0515481776232366e-6,7.437994409035546e-6
5692.500000000001,11202.4,27.6,40.7,31.3,-14.61938262133973,41.62765666261203,7.657373648220165e-7,5.416347400467324e-6
6106.5,16214.000000000002,1.4000000000000001,15.6,-30.8,-16.208267138341576,46.15189279920679,5.414175611063103e-7,3.829649347654777e-6
3415.5,5896.0,44.4,7.4,-24.5,-13.087880535866084,37.2668129359198,1.737633352981516e-6,1.2290932017630273e-5
2587.5,6780.400000000001,26.2,6.2,36.6,-12.94345723641226,36.85557781885362,2.6433972594323293e-6,1.869773963277427e-5
5175.0,19751.600000000002,8.4,33.4,15.7,-15.617522856195452,44.469790292583276,1.526170506241297e-7,1.0795176040640665e-6
5692.500000000001,23584.0,27.1,48.4,43.5,-14.178951354333563,40.37355982135363,2.587677028517812e-8,1.8303609554065846e-7
7555.5,12676.4,4.8,9.9,-9.5,-14.785973366963953,42.10201201273874,1.2344915292842775e-6,8.732021307451785e-6
6106.5,15034.800000000001,21.0,6.6,-17.0,-14.874417087173764,42.35384924239584,3.580931108854481e-7,2.53292679627887e-6
4657.5,21520.399999999998,12.0,15.6,37.5,-15.14036446193088,43.11111555750989,8.02550224771535e-8,5.676738557346142e-7
2691.0,8549.199999999999,24.1,5.2,-39.7,-13.313404606795999,37.908976756177736,1.826110678586985e-6,1.2916765305333128e-5
5071.5,18572.4,24.0,10.0,19.9,-14.796521372869806,42.132046712528535,1.21264029186624e-7,8.577459314759041e-7
3312.0,12971.2,9.0,20.9,6.8,-15.018523165687578,42.76418109531445,9.689002233639311e-7,6.853394449870198e-6
2898.0000000000005,6780.400000000001,38.5,21.4,12.8,-12.865747710823245,36.634305448173826,1.7720274865079435e-6,1.2534214615914467e-5
4140.0,22994.4,16.2,28.2,-21.5,-14.544730814475928,41.41509092943038,4.517099149214295e-8,3.1951135413363027e-7
8073.0,10907.6,18.700000000000003,33.9,-22.9,-13.163304511427352,37.48157736476767,1.2470421929176798e-6,8.820796855659125e-6
2277.0,7664.8,16.500000000000004,31.3,40.4,-13.029179356233158,37.09966548416257,2.957724208199103e-6,2.0921091959646107e-5
3726.0,7959.6,16.7,25.3,6.1,-14.568295862565984,41.482190734979795,2.539215982079025e-6,1.7960826408092997e-5
3415.5,5896.0,11.799999999999999,45.9,-5.3,-14.347276401576982,40.852853472519726,4.951872868777754e-6,3.502645289678818e-5
2691.0,22994.4,2.5,2.7,-1.0,-14.081162750486317,40.0951136973326,7.582580604180668e-8,5.363443476972547e-7
7866.0,19162.0,10.4,26.3,-34.1,-13.831813680896836,39.38510988068913,1.7768631913606082e-7,1.2568419368890374e-6
5796.000000000001,12086.8,42.6,36.0,33.3,-14.00827654651495,39.887575393352684,3.7503174933445676e-7,2.6527401350886704e-6
2691.0,8844.0,20.599999999999998,26.6,33.4,-13.496307379875597,38.42977944925529,1.8970378213026752e-6,1.3418459571173215e-5
4036.5,14445.199999999999,21.3,31.8,24.7,-14.76755196730135,42.04955838180143,4.169193349620958e-7,2.9490267288333144e-6
6313.5,6780.400000000001,12.6,23.0,15.3,-14.843398362161915,42.26552561968727,3.853433957821028e-6,2.7256782754969387e-5
5589.0,7075.2,31.599999999999998,33.2,-7.2,-14.237849952285329,40.541269407789144,1.842398927086498e-6,1.3031978192246397e-5
7659.0,18277.6,36.1,27.1,18.8,-12.9337131464056,36.82783221265191,1.0051224519358685e-7,7.109607849630766e-7
2691.0,17098.399999999998,35.900000000000006,14.1,-22.2,-12.975651035760903,36.94724738252629,1.4000769466782295e-7,9.903269030573527e-7
7762.5,21225.6,12.4,22.8,43.1,-13.654352882068562,38.879802823889996,9.157494669266388e-8,6.477439227247733e-7
5278.5,22404.8,12.8,12.9,-17.1,-15.035590174212281,42.81277819338184,6.001515218928907e-8,4.245096667375797e-7
6313.5,7075.2,30.799999999999997,50.0,-22.7,-14.029488731443257,39.947975587683864,1.931228088659716e-6,1.366030014762678e-5
3933.0,19162.0,22.8,17.8,40.0,-14.494505151092856,41.27207690995524,1.0950321429983538e-7,7.745572795100423e-7
6106.5,20930.8,24.4,40.8,-46.0,-14.44019387077096,41.11742938559116,6.204343291266613e-8,4.388564565485156e-7
6106.5,11497.2,3.8000000000000003,6.6,43.3,-15.966813025577745,45.46436931300045,1.6954152639272591e-6,1.1992307649267537e-5
3105.0,14740.0,5.6000000000000005,32.7,-10.3,-15.08460789169079,42.95235267245516,6.936589275789291e-7,4.906509596898622e-6
2587.5,16508.800000000003,19.2,3.3,0.4,-13.607739209745038,38.747073693161404,2.7675309750939344e-7,1.9575783932323843e-6
4657.5,12086.8,6.6000000000000005,38.2,38.0,-15.903707035461885,45.284679475336226,1.3043385232386503e-6,9.226075276234095e-6
6210.0,22699.600000000002,13.600000000000001,16.1,36.0,-14.71868205705278,41.91040477336244,5.39954478378764e-8,3.8193004151198517e-7
2380.5,14740.0,13.8,29.3,30.5,-13.659488283929853,38.89442551699779,5.373035175366804e-7,3.800549175431949e-6
3312.0,17982.8,46.2,12.7,1.3,-13.200916272122374,37.58867418967664,7.551622699175745e-8,5.341545790376529e-7
6003.0,7959.6,25.5,7.7,36.1,-14.4517125638657,41.150228048415066,1.8434392388661446e-6,1.3039336707400837e-5
7555.5,14150.4,47.1,47.6,48.4,-12.73599507464365,36.26484400578089,2.2034415130921708e-7,1.558576773159369e-6
7141.499999999999,13266.0,38.0,23.8,42.6,-13.451321572570988,38.30168554887641,3.4656363644145113e-7,2.45137450197753e-6
6520.5,11202.4,4.8,14.9,-21.2,-15.654183273004271,44.57417823313359,1.7632641013181943e-6,1.247222790771351e-5
2691.0,19456.8,43.300000000000004,4.7,-27.3,-12.634506072206504,35.975861258854735,5.867972636014818e-8,4.150636992943358e-7
6417.0,8844.0,22.2,21.2,-20.3,-14.485759765336297,41.24717504335546,1.684679445618861e-6,1.191636918229708e-5
5589.0,10612.8,40.2,17.9,-0.4,-14.10343270745218,40.15852582261754,5.854022546056402e-7,4.140769571428656e-6
3933.0,16803.6,15.1,45.6,14.1,-15.02715015050567,42.78874582361146,2.7552600087179604e-7,1.9488986787656396e-6
3933.0,13560.800000000001,40.1,28.2,26.3,-13.874555978270545,39.506815545448205,2.8492807264228755e-7,2.015403056549196e-6
3312.0,15329.6,1.3,3.6,34.5,-15.623743276080223,44.48750249767758,6.954121424998386e-7,4.918910743186601e-6
4243.5,9433.6,34.1,16.0,33.3,-14.142408955309559,40.26950792808193,9.705440553659933e-7,6.865021889773492e-6
8280.0,21520.399999999998,15.9,21.0,-25.0,-12.681735397524177,36.11034341790847,7.792217421348884e-8,5.511727455510702e-7
3829.5,14150.4,14.000000000000002,0.5,32.2,-15.079590030506091,42.938064668098086,5.860826473988065e-7,4.145582244684349e-6
4243.5,12381.6,20.5,44.7,21.5,-14.881427766186725,42.37381165440437,7.300112572374393e-7,5.163643250409925e-6
7659.0,22994.4,25.3,24.5,-48.4,-12.988443254423096,36.98367231920893,3.6092869046394905e-8,2.552983913489549e-7
7348.5,19162.0,1.5,17.7,40.2,-15.078013927800795,42.93357682725751,2.3990173485378996e-7,1.696914892281572e-6
4036.5,7959.6,35.7,6.4,31.3,-13.908879652550242,39.604549777136334,1.3327140137679737e-6,9.426785756649543e-6
6624.0,10612.8,43.0,2.9,-20.0,-13.601511958922853,38.72934203744775,5.612040924014326e-7,3.969606900032426e-6
7348.5,11792.0,21.0,6.5,22.2,-13.977398743885091,39.79965303715061,8.794583345916613e-7,6.22073844534419e-6
6106.5,7664.8,43.400000000000006,18.9,9.3,-13.720915270732027,39.069334511631766,1.1097392617105958e-6,7.849601758378103e-6
6313.5,10318.0,12.8,42.5,-14.0,-15.1571810868626,43.15899970603189,1.6252874821399947e-6,1.1496267562896308e-5
2173.5,13266.0,17.8,1.2,18.4,-13.119796362892977,37.35769099309127,7.079209819461876e-7,5.007390453242075e-6
3519.0000000000005,20636.0,27.7,7.9,35.8,-13.91090439124727,39.61031507718692,6.244285013882908e-8,4.416816843015486e-7
6624.0,17982.8,34.400000000000006,12.6,-8.6,-13.920267177940975,39.63697494921428,1.0503051751912266e-7,7.429202186922998e-7
5589.0,14445.199999999999,39.1,13.3,-30.3,-14.200740095493128,40.43560171870657,2.259437886676699e-7,1.5981851070912848e-6
4243.5,22404.8,7.1,33.0,-40.5,-15.175443319797917,43.21100012097463,7.44786983516249e-8,5.268157500721911e-7
7038.000000000001,20341.199999999997,3.3000000000000003,27.4,46.7,-15.118922910917146,43.0500622594841,1.5913055537513694e-7,1.1255900646057427e-6
4140.0,13266.0,12.700000000000001,12.6,-24.8,-15.32044800070111,43.62389068054364,7.691210417277522e-7,5.440281415515243e-6
5692.500000000001,12676.4,27.3,39.3,-19.2,-14.670284881109312,41.77259724237509,5.30867891798494e-7,3.7550275823391164e-6
4657.5,12971.2,39.6,14.0,20.7,-14.154079900836113,40.30274011892655,3.2779614763135534e-7,2.318625019061166e-6
6313.5,11497.2,48.60000000000001,1.9,-36.1,-13.60758375440889,38.74663104510169,3.699865055645e-7,2.6170532348099027e-6
7659.0,11202.4,6.0,13.6,43.5,-14.509145309940141,41.31376372544279,1.7248510017266152e-6,1.2200517656033287e-5
8176.5,22110.0,11.700000000000001,43.3,21.7,-12.979254070796092,36.95750676960596,7.409269690767555e-8,5.240854171753529e-7
7762.5,8844.0,31.7,48.7,20.3,-12.897712453413614,36.72532278893895,1.3622603303262205e-6,9.635777928424838e-6
7762.5,10023.2,40.2,3.4,-27.1,-12.648710811008394,36.016308246600616,7.946727297975145e-7,5.621018082696655e-6
3415.5,16508.800000000003,32.7,35.8,25.4,-13.812130087917215,39.32906224368788,1.6958874266901157e-7,1.19956474334686e-6
5071.5,22994.4,41.4,25.7,4.8,-13.819075470969258,39.3488387300689,1.918955487093726e-8,1.3573491436647433e-7
7555.5,14150.4,12.6,15.2,-2.1,-14.271620977348707,40.637430009977685,6.390667275038136e-7,4.520358503133762e-6
3829.5,12086.8,36.5,7.3,-35.8,-13.936062912794236,39.68195218554564,4.7030301277875816e-7,3.3266294916772977e-6
7969.5,6780.400000000001,12.100000000000001,48.2,-25.8,-13.30147315969009,37.87500280552218,4.163597892261943e-6,2.9450688521104027e-5
4140.0,5896.0,17.8,2.3,36.3,-14.507011962795124,41.30768917053337,3.9381635040666475e-6,2.785610659449093e-5
4347.0,6190.8,4.1000000000000005,22.7,-17.4,-15.41503310564252,43.893215068301295,6.035138544117316e-6,4.268879705574755e-5
8176.5,17688.0,40.900000000000006,16.0,42.9,-12.100634638793098,34.455700161243136,1.1112525102729602e-7,7.860305532666206e-7
5899.499999999999,8254.400000000001,36.9,8.5,-2.4,-14.04731853451185,39.998744689204365,1.1743583437496332e-6,8.306676746620417e-6
7452.0,18277.6,6.5,17.9,-11.8,-14.666275182760138,41.761179910299404,2.56813814444314e-7,1.8165403703303318e-6
3415.5,10318.0,18.6,20.9,32.5,-14.413317953718316,41.040902115154076,1.3515165677507272e-6,9.559783268675488e-6
6934.5,6780.400000000001,23.7,49.3,23.3,-13.894472178260107,39.563525514438815,2.69319826711613e-6,1.905000082688683e-5
3001.5,13560.800000000001,7.699999999999999,19.9,-36.9,-14.82032403975813,42.19982312078421,8.789091432275812e-7,6.216853808974271e-6
7555.5,16214.000000000002,35.900000000000006,20.8,-49.6,-13.114649093546868,37.34303450817239,1.7599224433270077e-7,1.2448591108198024e-6
6003.0,11792.0,5.1000000000000005,7.4,47.7,-15.91669759999574,45.3216691878605,1.4938542771051581e-6,1.0566591238963763e-5
2587.5,16508.800000000003,4.7,28.1,1.4,-14.508085649995472,41.31074641880646,4.506913121723009e-7,3.1879085822918478e-6
8176.5,10318.0,4.7,22.7,18.1,-13.794759013342949,39.27959933907358,2.2860352037166794e-6,1.6169983863730643e-5
5589.0,18277.6,11.4,10.7,12.2,-15.492991789579497,44.11519689975003,2.0706350529938479e-7,1.4646377859863954e-6
7141.499999999999,8254.400000000001,28.000000000000004,15.5,-43.1,-13.665638132566603,38.911936775458514,1.6674844033708655e-6,1.1794742203309963e-5
7866.0,17982.8,32.0,50.0,-21.9,-12.847357942295641,36.58194188466195,1.2607286731060244e-7,8.917606460094346e-7
5899.499999999999,6190.8,14.9,47.2,2.4,-14.812508927919081,42.17757014329296,4.046672652761774e-6,2.862363247537618e-5
4140.0,20930.8,0.3,44.0,48.1,-15.835407583488417,45.090201622843615,1.4941690738596195e-7,1.056881791440241e-6
6313.5,17982.8,17.900000000000002,0.4,-23.1,-14.870148783592441,42.34169555023785,1.7974989599173664e-7,1.2714383894736674e-6
2173.5,7075.2,19.3,45.2,-22.9,-12.675985429513926,36.09397079119498,3.1520609109443216e-6,2.2295708300816967e-5
5175.0,20636.0,6.4,10.3,45.7,-15.661782351968482,44.59581607233158,1.277290559930877e-7,9.034754893449789e-7
5692.500000000001,23584.0,21.200000000000003,43.9,-30.8,-14.410930396185286,41.03410371416842,3.1597975710836056e-8,2.2350432597891664e-7
4036.5,9433.6,8.200000000000001,43.0,-1.7,-15.396659911577018,43.84089869940766,2.3958301110694174e-6,1.694660439753831e-5
4657.5,18867.2,25.000000000000004,3.4,23.4,-14.678693178126712,41.79653927265249,1.0829973279386132e-7,7.660446037208593e-7
2380.5,12971.2,47.4,20.7,12.6,-12.21691993948974,34.78681431959388,3.172254683736963e-7,2.24385464249517e-6
5071.5,10612.8,38.4,48.9,-11.2,-14.202682897854881,40.44113371085978,6.182415875039366e-7,4.373054482088739e-6
3726.0,10907.6,42.6,38.3,48.5,-13.621996255485083,38.78766962121566,5.276942138949672e-7,3.732578968947129e-6
2484.0,20636.0,24.0,28.1,-16.5,-13.018479710495907,37.06919900068493,7.585824402116153e-8,5.365737936838638e-7
5899.499999999999,19456.8,33.7,8.7,-14.0,-14.218753056293906,40.48689234892378,6.889975608095637e-8,4.873538002532522e-7
8176.5,10318.0,20.5,24.1,21.0,-12.887071667939198,36.695023905894416,1.3804361785196535e-6,9.764342515496637e-6
2794.5,9728.4,40.0,36.2,-43.9,-12.88041072404695,36.67605733988068,8.379021882182173e-7,5.926796245676867e-6
7348.5,19162.0,18.6,19.0,4.6,-13.989915542553456,39.8352937349082,1.3167912237107798e-7,9.31415789428251e-7
6831.0,20046.4,18.4,16.3,-23.9,-14.390341748768286,40.97547899872731,1.005591100832366e-7,7.112922778937976e-7
7762.5,14740.0,33.6,14.7,38.3,-12.980075047850194,36.95984444363781,2.8631756862072343e-7,2.025231482425359e-6
4243.5,19456.8,23.7,16.3,-37.7,-14.578829332040007,41.51218404333593,9.675849526824796e-8,6.844091047341256e-7
2484.0,16803.6,4.4,9.8,-8.0,-14.375873661446889,40.934282144728236,4.2139339763605713e-7,2.9806734511259784e-6
6003.0,20046.4,30.700000000000003,34.5,-15.4,-14.272565527447156,40.640119549484275,6.453858972600852e-8,4.565056359415659e-7
3415.5,23289.2,16.3,16.3,39.5,-14.040287730913265,39.97872497388434,4.2218447411731606e-8,2.9862690315947895e-7
7555.5,7959.6,19.2,14.9,-44.2,-13.6149954591125,38.76773534934316,2.440215256699911e-6,1.7260557169336206e-5
3519.0000000000005,21225.6,21.200000000000003,28.2,10.9,-14.147278170076165,40.28337267228925,6.523542814263034e-8,4.6143463525622334e-7
8280.0,19162.0,49.5,28.5,34.0,-11.626187758477569,33.10474627011023,5.986942023331765e-8,4.23478849988714e-7
2277.0,22699.600000000002,21.0,28.4,22.1,-12.636506214677775,35.98155652288134,4.654584137604097e-8,3.2923618269337373e-7
2794.5,19751.600000000002,32.3,6.4,28.7,-13.12129633179512,37.36196204830631,7.363648283003346e-8,5.208584440028113e-7
5175.0,12971.2,47.9,41.4,-9.5,-13.9173749181198,39.62873944420946,2.501602795169801e-7,1.7694774238643983e-6
6106.5,23584.0,14.1,35.3,-31.4,-14.598873354584976,41.56925797800025,4.072721874579875e-8,2.88078883852487e-7
2587.5,9728.4,16.2,7.6,-30.4,-13.65308485591021,38.87619220921788,1.7706675054243354e-6,1.2524594959952403e-5
6624.0,17098.399999999998,5.8,16.7,30.5,-15.52304295496461,44.200765464950535,3.5929612476736036e-7,2.5414361643877855e-6
8280.0,13266.0,0.1,4.4,49.3,-14.104444670631224,40.161407316088884,1.2738735776728217e-6,9.01058529716117e-6
5589.0,12086.8,19.6,43.4,22.8,-15.07364806718781,42.921145348371766,8.054550919504311e-7,5.6972857717252845e-6
2794.5,8254.400000000001,48.0,4.4,-41.0,-12.55907657279964,35.76108110124507,9.556144693177158e-7,6.759419331641258e-6
2070.0,20341.199999999997,22.099999999999998,27.7,-19.1,-12.513348891371129,35.630874766826544,9.103227285417407e-8,6.439053872562985e-7
7348.5,16214.000000000002,23.8,29.1,31.2,-13.854562972960268,39.44988687874174,2.5116659965149596e-7,1.776595503371841e-6
6624.0,9138.8,6.7,26.9,9.1,-15.293575967137935,43.54737446806675,2.73654809623898e-6,1.9356630416961525e-5
8176.5,22404.8,20.5,41.9,24.3,-12.540302439804098,35.7076230871269,5.199814527209183e-8,3.6780237182115267e-7
2484.0,16803.6,25.6,2.2,20.9,-13.154279769642402,37.455880051683685,2.1111801318284569e-7,1.4933168399853631e-6
5796.000000000001,14150.4,40.5,39.6,-48.7,-14.103992933793982,40.16012102745369,2.3461412092951164e-7,1.6595136170543972e-6
3933.0,12971.2,46.4,43.2,8.1,-13.64829779482229,38.86256139178243,2.7306006982621655e-7,1.931456224182585e-6
4968.0,17688.0,49.6,48.4,47.4,-13.822003139264178,39.357175058181085,6.7195606870089e-8,4.7529971412355775e-7
4554.0,22404.8,5.0,48.6,15.1,-15.417640133527408,43.90063839558149,8.039437256947845e-8,5.686595311698133e-7
3105.0,11202.4,14.5,46.2,-21.7,-14.413512593660595,41.04145633860138,1.2626840163414293e-6,8.931437335713911e-6
4243.5,8254.400000000001,21.1,45.0,28.7,-14.64100330618575,41.68922003152358,2.000542271357986e-6,1.4150585342682604e-5
5071.5,23584.0,39.0,39.3,-6.4,-13.83592285639412,39.39681046691058,1.743008430733534e-8,1.2328951957294859e-7
7244.999999999999,16803.6,19.7,2.7,27.2,-14.148646006412736,40.28726748939933,2.4299195412872055e-7,1.7187731715109455e-6
3208.5,8254.400000000001,26.500000000000004,11.4,-11.2,-13.726389173903348,39.084921063250256,1.7494679071047768e-6,1.2374642254855161e-5
4761.0,6780.400000000001,35.0,23.3,12.0,-14.087962725888364,40.11447614572716,1.7674420106575715e-6,1.2501779826464379e-5
2070.0,8844.0,39.300000000000004,22.8,5.4,-11.896192117162355,33.87356455960811,1.1804330540584675e-6,8.349645449600574e-6
6313.5,12971.2,16.0,34.9,33.3,-15.059767301310925,42.88162085056267,7.385134201765391e-7,5.223782235718872e-6
6520.5,20046.4,32.900000000000006,2.2,-42.7,-13.945539818224352,39.70893700259129,6.138500664039305e-8,4.3419916072874764e-7
3933.0,16508.800000000003,17.6,27.7,-7.2,-14.888890207100907,42.3950604264078,2.733365430882346e-7,1.933411823194497e-6
7348.5,18572.4,28.4,8.3,-15.7,-13.562186078153829,38.617364377052176,1.1344573718598847e-7,8.024442216480449e-7
6417.0,9728.4,33.9,35.6,20.0,-14.022008074336565,39.926674946358304,9.204404381880967e-7,6.510620225282969e-6
6417.0,13560.800000000001,40.6,28.1,-2.2,-13.857575176047243,39.458463913707746,2.8043757121423694e-7,1.98364005678717e-6
6831.0,19751.600000000002,47.5,23.8,45.7,-13.258284692042208,37.75202670252351,4.337938151148418e-8,3.068386251965384e-7
5175.0,15329.6,44.800000000000004,40.8,44.5,-14.024702778954754,39.934347926919386,1.4820548532258187e-7,1.0483129491121896e-6
4450.5,12971.2,47.6,14.2,48.4,-13.819669713673425,39.35053079407793,2.560769270557918e-7,1.8113280896259847e-6
5796.000000000001,9728.4,5.8,10.2,4.7,-15.801109750100546,44.99254097126547,2.42996406072546e-6,1.718804661778332e-5
7762.5,16508.800000000003,28.900000000000002,29.7,-27.4,-13.151596017426332,37.448238257298364,2.0484361381406955e-7,1.4489356614353733e-6
6727.5,12971.2,32.5,17.0,-24.7,-13.986078638352264,39.824368421939475,4.306553478819373e-7,3.046186696844621e-6
7244.999999999999,8844.0,2.7,31.4,-37.1,-15.03432880378653,42.809186530426416,3.448797460702733e-6,2.4394637142145206e-5
4864.5,12381.6,33.8,5.7,-10.8,-14.411138678789033,41.034696784128485,4.5942729258783954e-7,3.2497014462527626e-6
6520.5,22994.4,42.5,26.2,-16.7,-13.407381351450905,38.17656888111131,1.9374531128978957e-8,1.3704332077370926e-7
3415.5,9433.6,7.000000000000001,34.1,17.9,-15.06335147664301,42.89182653599305,2.533187404489926e-6,1.7918184019131313e-5
2070.0,22404.8,0.5,20.0,36.5,-13.384400284884315,38.11113192157984,9.80589548829695e-8,6.936077430364983e-7
2794.5,11497.2,20.7,36.1,-5.5,-13.757565754118513,39.17369416747139,9.70367061339947e-7,6.863769944685117e-6
3726.0,6190.8,20.900000000000002,38.6,-30.9,-14.173205413683204,40.357198662289726,3.3489068702080745e-6,2.3688073553880655e-5
4347.0,13266.0,7.8999999999999995,40.5,24.9,-15.742576653095687,44.825872122879595,9.177881950386737e-7,6.49185991535461e-6
3208.5,10023.2,38.900000000000006,49.6,38.6,-13.338350406162595,37.98000815319441,7.699253057654551e-7,5.445970276513836e-6
6624.0,14445.199999999999,49.0,38.2,-49.6,-13.454553431510666,38.31088803831886,1.7407329576887201e-7,1.231285668354003e-6
7038.000000000001,9728.4,34.1,47.7,-40.3,-13.594881363594242,38.71046188684615,9.515517554044779e-7,6.730682233317835e-6
7969.5,15329.6,38.0,10.9,-1.1,-12.542009994184927,35.71248522729504,2.2126590401927062e-7,1.5650966755754312e-6
3001.5,18867.2,20.1,32.1,-38.3,-13.929132217357717,39.6622175211253,1.362181083052049e-7,9.6352173827506e-7
7452.0,13560.800000000001,24.900000000000002,17.6,48.0,-13.71175515942074,39.04325174338876,4.949931186598626e-7,3.5012718650940195e-6
8176.5,22110.0,14.9,34.5,23.4,-12.824071389583242,36.51563507496831,6.709746669611746e-8,4.746055318874647e-7
7659.0,17688.0,31.599999999999998,8.7,34.0,-13.129158007257827,37.384347612421806,1.352746029279566e-7,9.56847971090441e-7
5899.499999999999,17982.8,41.7,43.3,19.0,-13.978449018628945,39.802643620120286,8.040164715368452e-8,5.687109870306139e-7
5278.5,15329.6,34.8,34.4,-49.0,-14.399787158370003,41.00237413365176,2.0472823016544993e-7,1.4481195096397736e-6
7555.5,18572.4,26.6,18.4,-20.3,-13.4216650741998,38.21724077004991,1.2207955622837503e-7,8.635144599238083e-7
6831.0,17098.399999999998,44.5,8.9,-29.9,-13.43799366390787,38.263735272839774,9.939239307060123e-8,7.030396511463262e-7
7452.0,11202.4,18.700000000000003,17.3,-40.6,-13.9681175111419,39.773225384225555,1.108169919148088e-6,7.838501210201432e-6
3519.0000000000005,22699.600000000002,47.800000000000004,25.8,32.2,-13.079523996641772,37.24301828230383,1.843005470729965e-8,1.303626850278561e-7
2691.0,17393.2,47.199999999999996,41.6,-32.1,-12.58004817711148,35.82079625930723,9.324911367640407e-8,6.595859333238475e-7
2380.5,11202.4,25.3,49.8,17.6,-13.005101496570648,37.03110548397838,9.379951857629725e-7,6.634791534874396e-6
2691.0,12086.8,12.8,0.0,5.5,-14.095722797657778,40.13657240050797,1.0897038967978354e-6,7.707884112553325e-6
2070.0,14150.4,48.0,16.3,-23.1,-11.75758407447248,33.47888797433604,2.4319306696907277e-7,1.7201957180132904e-6
4864.5,23289.2,9.5,18.7,23.7,-15.056976095176292,42.8736730887673,5.212570266778539e-8,3.6870463309285613e-7
2587.5,22404.8,29.2,32.7,19.1,-12.782114510582772,36.39616583342963,3.8522974008184415e-8,2.7248743461277776e-7
7244.999999999999,16214.000000000002,35.0,44.1,-22.0,-13.463564697977745,38.33654698141917,1.7531168071474033e-7,1.2400452292563118e-6
6313.5,7370.0,37.5,7.6,-47.4,-13.807195889177018,39.31501246222631,1.4500785795052024e-6,1.0256949321523474e-5
8176.5,19162.0,20.5,16.9,-30.3,-12.841606105242548,36.565563935993886,1.3193724721933804e-7,9.332416032321707e-7
7762.5,15919.2,42.2,31.8,-32.8,-12.65208275288119,36.025909612292295,1.627982150547639e-7,1.1515327962578197e-6
3001.5,17982.8,30.000000000000004,7.7,-12.2,-13.516657242148774,38.48772424089592,1.2718946649320485e-7,8.996587705595645e-7
6934.5,7075.2,24.0,38.9,-26.4,-13.91106945654697,39.61078508892817,2.4863845072531627e-6,1.758712958398356e-5
2173.5,12676.4,42.1,25.4,14.2,-12.092317492273994,34.432017675545794,4.0985468816697565e-7,2.8990558340306783e-6
2173.5,6780.400000000001,45.9,38.8,-13.2,-11.724851036236679,33.38568296613037,1.6001602564642454e-6,1.1318533277327739e-5
7452.0,13560.800000000001,11.000000000000002,43.6,0.3,-14.486697821981691,41.249846093230545,7.846959652516618e-7,5.550448687502569e-6
3933.0,5896.0,46.4,14.1,-14.4,-13.369179847248084,38.06779280332884,1.5684150956553762e-6,1.1093987855981476e-5
3829.5,15329.6,39.4,0.3,5.2,-13.842323737613878,39.41503652287938,1.8357630109108726e-7,1.2985039869815282e-6
4968.0,14445.199999999999,15.1,1.1,14.3,-15.398213650628735,43.84532286131255,5.119557291120077e-7,3.6212547668673583e-6
2173.5,23584.0,45.2,37.1,20.9,-11.606448445002258,33.048539972916004,1.8483305068448562e-8,1.3073934479193837e-7
6624.0,11497.2,41.3,23.1,32.5,-13.684306382609783,38.965093295355864,4.731580418537926e-7,3.346824182467156e-6
2277.0,9433.6,43.300000000000004,47.6,36.1,-12.108986517522492,34.47948154444043,8.841765728446698e-7,6.2541123130310675e-6
2898.0000000000005,15034.800000000001,39.5,37.5,-45.5,-13.100910353627109,37.303914419227496,2.1465337458452319e-7,1.5183237763285298e-6
6831.0,8549.199999999999,23.900000000000002,42.6,-3.5,-14.119336792442436,40.203811578311665,1.740073391465601e-6,1.2308191324420646e-5
2277.0,14740.0,38.7,7.7,18.3,-12.373185532843646,35.23176952985895,2.578555758384561e-7,1.8239091391514535e-6
6624.0,22110.0,22.6,18.1,14.1,-14.138873032476742,40.25943963822847,4.7709879314827846e-8,3.374698593473255e-7
7866.0,12381.6,6.800000000000001,15.3,48.0,-14.229460049983844,40.517379755175895,1.2514268506743676e-6,8.851811183460532e-6
5278.5,17393.2,23.500000000000004,21.7,40.4,-14.87206049031429,42.3471389997492,1.7116049994222464e-7,1.2106823716774455e-6
7452.0,17982.8,47.6,48.4,4.6,-12.779734036385669,36.38938760172596,7.608682929726134e-8,5.381906630216636e-7
7452.0,16803.6,43.5,48.0,27.4,-12.940474448282211,36.84708454090699,1.1843584221284249e-7,8.377411049293537e-7
5485.5,17688.0,18.1,31.9,-14.4,-15.131260066263332,43.08519143562287,1.9098144198016365e-7,1.3508833241371155e-6
5796.000000000001,11202.4,21.0,29.7,-9.4,-14.9227777767333,42.49155288099762,9.625715905727607e-7,6.808629657995461e-6
3208.5,18277.6,19.6,38.4,36.4,-14.186080662428182,40.39386002124869,1.614115242903755e-7,1.1417242127120855e-6
7244.999999999999,13560.800000000001,32.900000000000006,40.0,19.0,-13.562148936041057,38.61725861750343,3.788369699274205e-7,2.6796558866423307e-6
6106.5,7075.2,49.300000000000004,6.9,32.7,-13.510375532416923,38.46983751731961,1.063919440867254e-6,7.525500991044648e-6
6831.0,8254.400000000001,21.8,30.2,37.5,-14.195235845967616,40.419928758001205,2.004104708331105e-6,1.4175783794691228e-5
