C_p_avg,C_n_avg,δ_SEI_nm,c_f_Ah,P_kW,ΔC_p_avg,ΔC_n_avg,Δδ_SEI_pm,Δc_f_μAh
7244.999999999999,6485.6,16.400000000000002,47.9,4.1,-33.09907841359225,94.2472816901613,1.1022926192324519e-11,7.796928864927121e-11
5589.0,14445.199999999999,16.9,23.2,7.8,-33.09907841359225,94.2472816901613,1.1022926192324519e-11,7.796928864927121e-11
7038.000000000001,14150.4,17.900000000000002,29.6,29.4,-33.09907841359225,94.2472816901613,1.1022926192324519e-11,7.796928864927121e-11
6210.0,20341.199999999997,11.4,24.0,-40.9,33.09907841359225,-94.24728169016113,1.1022926192324519e-11,7.796928864927121e-11
6210.0,7075.2,2.5,45.4,-35.1,33.09907841359225,-94.2472816901613,1.1022926192324519e-11,7.796928864927121e-11
7866.0,15919.2,17.4,48.6,-13.7,33.09907841359225,-94.2472816901613,1.1022926192324519e-11,7.796928864927121e-11
5692.500000000001,19162.0,33.9,22.2,-39.3,33.09907841359225,-94.24728169016113,1.1022926192324519e-11,7.796928864927121e-11
5071.5,18867.2,20.200000000000003,49.1,-20.4,33.09907841359225,-94.24728169016113,1.1022926192324519e-11,7.796928864927121e-11
6417.0,22110.0,11.6,47.3,-9.4,33.09907841359225,-94.24728169016113,1.1022926192324519e-11,7.796928864927121e-11
8073.0,9433.6,3.2,29.0,-22.5,33.09907841359225,-94.2472816901613,1.1022926192324519e-11,7.796928864927121e-11
4554.0,21815.2,17.1,40.8,-22.6,33.09907841359225,-94.24728169016113,1.1022926192324519e-11,7.796928864927121e-11
5899.499999999999,15329.6,42.1,5.5,24.5,-33.09907841359225,94.2472816901613,1.1022926192324519e-11,7.796928864927121e-11
5175.0,9728.4,34.6,23.7,31.0,-33.09907841359225,94.2472816901613,1.1022926192324519e-11,7.796928864927121e-11
6313.5,21225.6,34.0,26.0,28.9,-33.09907841359225,94.24728169016113,1.1022926192324519e-11,7.796928864927121e-11
6831.0,18572.4,10.0,36.0,20.2,-33.09907841359225,94.24728169016113,1.1022926192324519e-11,7.796928864927121e-11
5485.5,10023.2,14.000000000000002,18.1,-39.1,33.09907841359225,-94.2472816901613,1.1022926192324519e-11,7.796928864927121e-11
2794.5,14740.0,43.1,46.8,-28.0,33.09907841359225,-94.2472816901613,1.1022926192324519e-11,7.796928864927121e-11
3105.0,19162.0,0.5,7.0,-33.9,33.09907841359225,-94.24728169016113,1.1022926192324519e-11,7.796928864927121e-11
3933.0,9728.4,12.6,4.4,-46.7,33.09907841359225,-94.2472816901613,1.1022926192324519e-11,7.796928864927121e-11
4657.5,7959.6,1.8,11.1,-12.1,33.09907841359225,-94.2472816901613,1.1022926192324519e-11,7.796928864927121e-11
7348.5,8549.199999999999,47.00000000000001,44.6,-12.6,33.09907841359225,-94.2472816901613,1.1022926192324519e-11,7.796928864927121e-11
2794.5,18572.4,14.000000000000002,11.6,3.3,-33.09907841359225,94.24728169016113,1.1022926192324519e-11,7.796928864927121e-11
6417.0,10023.2,0.7000000000000001,44.8,-9.3,33.09907841359225,-94.2472816901613,1.1022926192324519e-11,7.796928864927121e-11
8176.5,12971.2,45.300000000000004,35.0,6.7,-33.09907841359225,94.2472816901613,1.1022926192324519e-11,7.796928864927121e-11
4864.5,9433.6,16.6,3.4,-38.4,33.09907841359225,-94.2472816901613,1.1022926192324519e-11,7.796928864927121e-11
7969.5,17393.2,37.5,49.2,19.0,-33.09907841359225,94.24728169016113,1.1022926192324519e-11,7.796928864927121e-11
4140.0,22699.600000000002,9.8,10.8,-41.3,33.09907841359225,-94.24728169016113,1.1022926192324519e-11,7.796928864927121e-11
7348.5,20341.199999999997,49.5,31.9,-23.2,33.09907841359225,-94.24728169016113,1.1022926192324519e-11,7.796928864927121e-11
6106.5,10612.8,20.0,37.0,19.7,-33.09907841359225,94.2472816901613,1.1022926192324519e-11,7.796928864927121e-11
5899.499999999999,13560.800000000001,28.900000000000002,33.5,30.2,-33.09907841359225,94.2472816901613,1.1022926192324519e-11,7.796928864927121e-11
2380.5,10318.0,41.7,1.3,-27.7,33.09907841359225,-94.2472816901613,1.1022926192324519e-11,7.796928864927121e-11
3726.0,16803.6,47.7,5.5,36.1,-33.09907841359225,94.24728169016113,1.1022926192324519e-11,7.796928864927121e-11
7348.5,15919.2,45.300000000000004,40.1,-38.9,33.09907841359225,-94.2472816901613,1.1022926192324519e-11,7.796928864927121e-11
3726.0,20636.0,12.4,45.9,22.3,-33.09907841359225,94.24728169016113,1.1022926192324519e-11,7.796928864927121e-11
7141.499999999999,10907.6,48.7,13.9,-37.6,33.09907841359225,-94.2472816901613,1.1022926192324519e-11,7.796928864927121e-11
5899.499999999999,22994.4,2.4,12.6,-34.5,33.09907841359225,-94.24728169016113,1.1022926192324519e-11,7.796928864927121e-11
4347.0,16803.6,26.6,40.2,25.8,-33.09907841359225,94.24728169016113,1.1022926192324519e-11,7.796928864927121e-11
8280.0,13560.800000000001,48.0,35.1,-9.5,33.09907841359225,-94.2472816901613,1.1022926192324519e-11,7.796928864927121e-11
6003.0,22404.8,45.9,42.1,21.3,-33.09907841359225,94.24728169016113,1.1022926192324519e-11,7.796928864927121e-11
5278.5,21520.399999999998,31.599999999999998,23.7,37.7,-33.09907841359225,94.24728169016113,1.1022926192324519e-11,7.796928864927121e-11
2587.5,20341.199999999997,39.5,1.5,-3.7,33.09907841359225,-94.24728169016113,1.1022926192324519e-11,7.796928864927121e-11
4554.0,19751.600000000002,11.6,37.2,8.1,-33.09907841359225,94.24728169016113,1.1022926192324519e-11,7.796928864927121e-11
5278.5,20930.8,40.0,16.2,26.5,-33.09907841359225,94.24728169016113,1.1022926192324519e-11,7.796928864927121e-11
5899.499999999999,20930.8,4.4,32.8,-47.1,33.09907841359225,-94.24728169016113,1.1022926192324519e-11,7.796928864927121e-11
3519.0000000000005,10318.0,16.7,3.1,6.8,-33.09907841359225,94.2472816901613,1.1022926192324519e-11,7.796928864927121e-11
5692.500000000001,10023.2,36.0,39.1,-46.5,33.09907841359225,-94.2472816901613,1.1022926192324519e-11,7.796928864927121e-11
4657.5,15329.6,25.3,44.2,-4.3,33.09907841359225,-94.2472816901613,1.1022926192324519e-11,7.796928864927121e-11
2277.0,19162.0,14.4,5.6,13.5,-33.09907841359225,94.24728169016113,1.1022926192324519e-11,7.796928864927121e-11
5175.0,8549.199999999999,10.7,42.3,-38.1,33.09907841359225,-94.2472816901613,1.1022926192324519e-11,7.796928864927121e-11
6934.5,8254.400000000001,18.4,26.4,22.1,-33.09907841359225,94.2472816901613,1.1022926192324519e-11,7.796928864927121e-11
5589.0,22994.4,45.400000000000006,5.2,-32.2,33.09907841359225,-94.24728169016113,1.1022926192324519e-11,7.796928864927121e-11
7244.999999999999,16803.6,34.0,42.9,29.2,-33.09907841359225,94.24728169016113,1.1022926192324519e-11,7.796928864927121e-11
3312.0,20930.8,13.600000000000001,20.3,-41.2,33.09907841359225,-94.24728169016113,1.1022926192324519e-11,7.796928864927121e-11
2587.5,10612.8,18.4,29.8,26.3,-33.09907841359225,94.2472816901613,1.1022926192324519e-11,7.796928864927121e-11
3415.5,22110.0,9.9,4.4,40.1,-33.09907841359225,94.24728169016113,1.1022926192324519e-11,7.796928864927121e-11
3415.5,12676.4,5.500000000000001,41.7,-8.0,33.09907841359225,-94.2472816901613,1.1022926192324519e-11,7.796928864927121e-11
4761.0,21815.2,29.900000000000002,18.6,24.4,-33.09907841359225,94.24728169016113,1.1022926192324519e-11,7.796928864927121e-11
4243.5,15624.400000000001,32.7,33.2,21.7,-33.09907841359225,94.24728169016113,1.1022926192324519e-11,7.796928864927121e-11
3622.4999999999995,21520.399999999998,47.1,42.4,-0.7,33.09907841359225,-94.24728169016113,1.1022926192324519e-11,7.796928864927121e-11
3105.0,13560.800000000001,25.000000000000004,17.6,-28.8,33.09907841359225,-94.2472816901613,1.1022926192324519e-11,7.796928864927121e-11
5692.500000000001,7664.8,22.5,0.4,-43.8,33.09907841359225,-94.2472816901613,1.1022926192324519e-11,7.796928864927121e-11
5071.5,18277.6,44.7,14.1,38.9,-33.09907841359225,94.24728169016113,1.1022926192324519e-11,7.796928864927121e-11
2587.5,12676.4,32.0,36.4,41.7,-33.09907841359225,94.2472816901613,1.1022926192324519e-11,7.796928864927121e-11
8073.0,22994.4,49.900000000000006,49.1,-3.0,33.09907841359225,-94.24728169016113,1.1022926192324519e-11,7.796928864927121e-11
3829.5,6190.8,17.200000000000003,29.2,-1.2,33.09907841359225,-94.2472816901613,1.1022926192324519e-11,7.796928864927121e-11
5485.5,7075.2,10.200000000000001,37.7,27.3,-33.09907841359225,94.2472816901613,1.1022926192324519e-11,7.796928864927121e-11
6727.5,23584.0,43.300000000000004,19.2,-2.5,33.09907841359225,-94.24728169016113,1.1022926192324519e-11,7.796928864927121e-11
2691.0,16508.800000000003,22.099999999999998,15.3,13.8,-33.09907841359225,94.24728169016113,1.1022926192324519e-11,7.796928864927121e-11
7555.5,18572.4,6.7,5.1,37.5,-33.09907841359225,94.24728169016113,1.1022926192324519e-11,7.796928864927121e-11
4243.5,6190.8,15.600000000000001,48.4,-19.2,33.09907841359225,-94.2472816901613,1.1022926192324519e-11,7.796928864927121e-11
4450.5,8549.199999999999,6.9,37.2,-38.4,33.09907841359225,-94.2472816901613,1.1022926192324519e-11,7.796928864927121e-11
8176.5,21815.2,39.5,1.3,20.7,-33.09907841359225,94.24728169016113,1.1022926192324519e-11,7.796928864927121e-11
6106.5,16803.6,2.6,9.5,-45.9,33.09907841359225,-94.2472816901613,1.1022926192324519e-11,7.796928864927121e-11
7452.0,19162.0,6.6000000000000005,45.8,-49.4,33.09907841359225,-94.24728169016113,1.1022926192324519e-11,7.796928864927121e-11
3312.0,23584.0,29.5,43.3,-25.1,33.09907841359225,-94.24728169016113,1.1022926192324519e-11,7.796928864927121e-11
8073.0,22994.4,40.7,30.4,-9.0,33.09907841359225,-94.24728169016113,1.1022926192324519e-11,7.796928864927121e-11
6727.5,6485.6,42.0,32.2,-44.1,33.09907841359225,-94.2472816901613,1.1022926192324519e-11,7.796928864927121e-11
7038.000000000001,6780.400000000001,5.1000000000000005,22.9,-8.2,33.09907841359225,-94.2472816901613,1.1022926192324519e-11,7.796928864927121e-11
4347.0,23584.0,24.300000000000004,43.8,-1.5,33.09907841359225,-94.24728169016113,1.1022926192324519e-11,7.796928864927121e-11
4554.0,9138.8,1.8,34.7,-32.6,33.09907841359225,-94.2472816901613,1.1022926192324519e-11,7.796928864927121e-11
4243.5,9433.6,31.900000000000002,11.8,-47.8,33.09907841359225,-94.2472816901613,1.1022926192324519e-11,7.796928864927121e-11
8176.5,20930.8,4.5,0.3,16.2,-33.09907841359225,94.24728169016113,1.1022926192324519e-11,7.796928864927121e-11
7659.0,9728.4,46.800000000000004,3.6,5.5,-33.09907841359225,94.2472816901613,1.1022926192324519e-11,7.796928864927121e-11
7659.0,5896.0,13.1,43.5,-9.8,33.09907841359225,-94.2472816901613,1.1022926192324519e-11,7.796928864927121e-11
3933.0,22994.4,20.7,7.9,1.2,-33.09907841359225,94.24728169016113,1.1022926192324519e-11,7.796928864927121e-11
3726.0,14740.0,35.1,31.4,48.4,-33.09907841359225,94.2472816901613,1.1022926192324519e-11,7.796928864927121e-11
3001.5,22110.0,36.7,5.5,32.2,-33.09907841359225,94.24728169016113,1.1022926192324519e-11,7.796928864927121e-11
6417.0,15034.800000000001,18.2,38.5,15.2,-33.09907841359225,94.2472816901613,1.1022926192324519e-11,7.796928864927121e-11
4864.5,17098.399999999998,26.3,26.0,-27.4,33.09907841359225,-94.2472816901613,1.1022926192324519e-11,7.796928864927121e-11
3933.0,7075.2,17.5,40.7,-35.1,33.09907841359225,-94.2472816901613,1.1022926192324519e-11,7.796928864927121e-11
2898.0000000000005,7664.8,21.5,19.4,-21.4,33.09907841359225,-94.2472816901613,1.1022926192324519e-11,7.796928864927121e-11
3726.0,8844.0,8.5,10.7,47.9,-33.09907841359225,94.2472816901613,1.1022926192324519e-11,7.796928864927121e-11
4554.0,22994.4,29.700000000000003,27.6,9.9,-33.09907841359225,94.24728169016113,1.1022926192324519e-11,7.796928864927121e-11
4243.5,21225.6,40.1,10.5,29.1,-33.09907841359225,94.24728169016113,1.1022926192324519e-11,7.796928864927121e-11
6520.5,7370.0,11.5,23.1,-39.3,33.09907841359225,-94.2472816901613,1.1022926192324519e-11,7.796928864927121e-11
7969.5,7370.0,11.5,43.7,32.4,-33.09907841359225,94.2472816901613,1.1022926192324519e-11,7.796928864927121e-11
6417.0,9433.6,36.300000000000004,39.0,-10.4,33.09907841359225,-94.2472816901613,1.1022926192324519e-11,7.796928864927121e-11
4968.0,10023.2,4.9,18.0,-34.1,33.09907841359225,-94.2472816901613,1.1022926192324519e-11,7.796928864927121e-11
6520.5,12381.6,30.099999999999998,9.8,-32.7,33.09907841359225,-94.2472816901613,1.1022926192324519e-11,7.796928864927121e-11
3208.5,8844.0,19.0,22.5,-16.2,33.09907841359225,-94.2472816901613,1.1022926192324519e-11,7.796928864927121e-11
3829.5,10612.8,5.0,20.6,28.7,-33.09907841359225,94.2472816901613,1.1022926192324519e-11,7.796928864927121e-11
4864.5,18867.2,4.1000000000000005,22.5,-29.8,33.09907841359225,-94.24728169016113,1.1022926192324519e-11,7.796928864927121e-11
2173.5,11202.4,3.5000000000000004,19.6,15.0,-33.09907841359225,94.2472816901613,1.1022926192324519e-11,7.796928864927121e-11
7762.5,16803.6,38.1,3.0,48.5,-33.09907841359225,94.24728169016113,1.1022926192324519e-11,7.796928864927121e-11
7348.5,22404.8,14.3,22.3,-15.3,33.09907841359225,-94.24728169016113,1.1022926192324519e-11,7.796928864927121e-11
6210.0,10023.2,4.8,13.4,-15.3,33.09907841359225,-94.2472816901613,1.1022926192324519e-11,7.796928864927121e-11
7555.5,21520.399999999998,47.800000000000004,48.3,24.2,-33.09907841359225,94.24728169016113,1.1022926192324519e-11,7.796928864927121e-11
3105.0,12676.4,19.8,26.2,-30.5,33.09907841359225,-94.2472816901613,1.1022926192324519e-11,7.796928864927121e-11
7659.0,18867.2,9.6,33.6,0.9,-33.09907841359225,94.24728169016113,1.1022926192324519e-11,7.796928864927121e-11
8280.0,20930.8,33.3,36.1,48.8,-33.09907841359225,94.24728169016113,1.1022926192324519e-11,7.796928864927121e-11
2898.0000000000005,15329.6,13.8,0.4,-17.7,33.09907841359225,-94.2472816901613,1.1022926192324519e-11,7.796928864927121e-11
4968.0,22699.600000000002,43.800000000000004,49.0,-2.9,33.09907841359225,-94.24728169016113,1.1022926192324519e-11,7.796928864927121e-11
5899.499999999999,20046.4,0.3,49.1,-31.9,33.09907841359225,-94.24728169016113,1.1022926192324519e-11,7.796928864927121e-11
3415.5,18867.2,2.1,7.6,-0.1,10.142140515027013,-28.879026845296362,1.1022926192324519e-11,7.796928864927121e-11
4761.0,6190.8,29.900000000000002,10.1,49.5,-33.09907841359225,94.2472816901613,1.1022926192324519e-11,7.796928864927121e-11
6417.0,21815.2,22.400000000000002,19.6,-34.0,33.09907841359225,-94.24728169016113,1.1022926192324519e-11,7.796928864927121e-11
2070.0,20636.0,44.9,39.9,10.2,-33.09907841359225,94.24728169016113,1.1022926192324519e-11,7.796928864927121e-11
3622.4999999999995,22994.4,16.0,41.8,5.6,-33.09907841359225,94.24728169016113,1.1022926192324519e-11,7.796928864927121e-11
4450.5,7075.2,29.700000000000003,8.2,-27.3,33.09907841359225,-94.2472816901613,1.1022926192324519e-11,7.796928864927121e-11
2898.0000000000005,6780.400000000001,39.2,16.8,-16.1,33.09907841359225,-94.2472816901613,1.1022926192324519e-11,7.796928864927121e-11
8073.0,10907.6,13.600000000000001,39.2,9.7,-33.09907841359225,94.2472816901613,1.1022926192324519e-11,7.796928864927121e-11
3726.0,9433.6,17.200000000000003,43.9,40.6,-33.09907841359225,94.2472816901613,1.1022926192324519e-11,7.796928864927121e-11
3208.5,15329.6,8.0,39.1,26.7,-33.09907841359225,94.2472816901613,1.1022926192324519e-11,7.796928864927121e-11
6106.5,21520.399999999998,19.8,6.4,42.9,-33.09907841359225,94.24728169016113,1.1022926192324519e-11,7.796928864927121e-11
2484.0,6485.6,5.8999999999999995,49.5,-31.5,33.09907841359225,-94.2472816901613,1.1022926192324519e-11,7.796928864927121e-11
7555.5,15624.400000000001,29.5,8.1,-26.4,33.09907841359225,-94.2472816901613,1.1022926192324519e-11,7.796928864927121e-11
8073.0,14445.199999999999,28.3,11.5,47.0,-33.09907841359225,94.2472816901613,1.1022926192324519e-11,7.796928864927121e-11
6831.0,15624.400000000001,34.6,35.4,-46.7,33.09907841359225,-94.2472816901613,1.1022926192324519e-11,7.796928864927121e-11
8176.5,12971.2,10.200000000000001,13.2,-40.2,33.09907841359225,-94.2472816901613,1.1022926192324519e-11,7.796928864927121e-11
4761.0,11497.2,12.100000000000001,4.1,-6.6,33.09907841359225,-94.2472816901613,1.1022926192324519e-11,7.796928864927121e-11
2380.5,16803.6,26.7,20.4,-2.2,33.09907841359225,-94.2472816901613,1.1022926192324519e-11,7.796928864927121e-11
4761.0,20046.4,25.1,41.3,-33.0,33.09907841359225,-94.24728169016113,1.1022926192324519e-11,7.796928864927121e-11
4657.5,21225.6,9.3,3.9,-28.5,33.09907841359225,-94.24728169016113,1.1022926192324519e-11,7.796928864927121e-11
2691.0,21520.399999999998,6.0,0.8,-47.8,33.09907841359225,-94.24728169016113,1.1022926192324519e-11,7.796928864927121e-11
5071.5,8844.0,26.0,27.8,-21.6,33.09907841359225,-94.2472816901613,1.1022926192324519e-11,7.796928864927121e-11
4657.5,20930.8,1.2,18.1,12.0,-33.09907841359225,94.24728169016113,1.1022926192324519e-11,7.796928864927121e-11
6210.0,7370.0,14.6,35.6,17.5,-33.09907841359225,94.2472816901613,1.1022926192324519e-11,7.796928864927121e-11
8280.0,6190.8,17.3,38.9,-0.9,33.09907841359225,-94.2472816901613,1.1022926192324519e-11,7.796928864927121e-11
3726.0,14445.199999999999,28.700000000000003,11.9,33.0,-33.09907841359225,94.2472816901613,1.1022926192324519e-11,7.796928864927121e-11
6831.0,17688.0,10.600000000000001,34.8,-28.0,33.09907841359225,-94.24728169016113,1.1022926192324519e-11,7.796928864927121e-11
2380.5,7959.6,10.200000000000001,14.0,35.1,-33.09907841359225,94.2472816901613,1.1022926192324519e-11,7.796928864927121e-11
3415.5,10907.6,33.00000000000001,37.4,4.7,-33.09907841359225,94.2472816901613,1.1022926192324519e-11,7.796928864927121e-11
6417.0,11792.0,19.3,16.8,-7.8,33.09907841359225,-94.2472816901613,1.1022926192324519e-11,7.796928864927121e-11
5692.500000000001,7075.2,34.9,46.2,44.7,-33.09907841359225,94.2472816901613,1.1022926192324519e-11,7.796928864927121e-11
3415.5,10612.8,27.3,43.6,-4.0,33.09907841359225,-94.2472816901613,1.1022926192324519e-11,7.796928864927121e-11
7244.999999999999,20341.199999999997,44.1,35.6,-15.9,33.09907841359225,-94.24728169016113,1.1022926192324519e-11,7.796928864927121e-11
7969.5,16508.800000000003,4.8,31.4,-10.6,33.09907841359225,-94.2472816901613,1.1022926192324519e-11,7.796928864927121e-11
4036.5,14740.0,15.9,40.2,12.1,-33.09907841359225,94.2472816901613,1.1022926192324519e-11,7.796928864927121e-11
7348.5,13560.800000000001,49.2,42.1,4.0,-33.09907841359225,94.2472816901613,1.1022926192324519e-11,7.796928864927121e-11
7555.5,11497.2,0.8,43.1,36.4,-33.09907841359225,94.2472816901613,1.1022926192324519e-11,7.796928864927121e-11
3415.5,6485.6,48.2,35.0,21.8,-33.09907841359225,94.2472816901613,1.1022926192324519e-11,7.796928864927121e-11
4968.0,23584.0,0.7000000000000001,39.1,21.7,-33.09907841359225,94.24728169016113,1.1022926192324519e-11,7.796928864927121e-11
2691.0,22110.0,23.0,39.6,17.5,-33.09907841359225,94.24728169016113,1.1022926192324519e-11,7.796928864927121e-11
6831.0,11497.2,40.6,8.1,49.7,-33.09907841359225,94.2472816901613,1.1022926192324519e-11,7.796928864927121e-11
4554.0,13266.0,0.4,27.1,-16.1,33.09907841359225,-94.2472816901613,1.1022926192324519e-11,7.796928864927121e-11
3829.5,8549.199999999999,19.8,36.2,-16.3,33.09907841359225,-94.2472816901613,1.1022926192324519e-11,7.796928864927121e-11
4554.0,9728.4,28.000000000000004,7.5,26.6,-33.09907841359225,94.2472816901613,1.1022926192324519e-11,7.796928864927121e-11
4347.0,21815.2,15.600000000000001,36.4,3.1,-33.09907841359225,94.24728169016113,1.1022926192324519e-11,7.796928864927121e-11
6417.0,14150.4,17.6,44.1,23.4,-33.09907841359225,94.2472816901613,1.1022926192324519e-11,7.796928864927121e-11
3415.5,7075.2,8.5,20.2,-8.7,33.09907841359225,-94.2472816901613,1.1022926192324519e-11,7.796928864927121e-11
7555.5,6485.6,29.0,40.1,-26.5,33.09907841359225,-94.2472816901613,1.1022926192324519e-11,7.796928864927121e-11
4036.5,22110.0,49.6,11.1,-16.6,33.09907841359225,-94.24728169016113,1.1022926192324519e-11,7.796928864927121e-11
2173.5,20341.199999999997,39.5,19.5,-37.1,33.09907841359225,-94.24728169016113,1.1022926192324519e-11,7.796928864927121e-11
3105.0,22404.8,26.8,10.1,16.5,-33.09907841359225,94.24728169016113,1.1022926192324519e-11,7.796928864927121e-11
2173.5,6485.6,45.8,23.0,49.5,-33.09907841359225,94.2472816901613,1.1022926192324519e-11,7.796928864927121e-11
7141.499999999999,22110.0,14.9,31.5,5.8,-33.09907841359225,94.24728169016113,1.1022926192324519e-11,7.796928864927121e-11
6106.5,5896.0,42.300000000000004,14.4,-27.0,33.09907841359225,-94.2472816901613,1.1022926192324519e-11,7.796928864927121e-11
5589.0,22699.600000000002,25.400000000000002,1.8,-31.4,33.09907841359225,-94.24728169016113,1.1022926192324519e-11,7.796928864927121e-11
5175.0,20930.8,27.7,15.4,45.2,-33.09907841359225,94.24728169016113,1.1022926192324519e-11,7.796928864927121e-11
4036.5,7075.2,37.9,40.8,-48.0,33.09907841359225,-94.2472816901613,1.1022926192324519e-11,7.796928864927121e-11
4347.0,15329.6,9.6,32.5,-35.5,33.09907841359225,-94.2472816901613,1.1022926192324519e-11,7.796928864927121e-11
4036.5,22699.600000000002,39.5,11.1,24.9,-33.09907841359225,94.24728169016113,1.1022926192324519e-11,7.796928864927121e-11
4140.0,17393.2,32.6,17.1,39.3,-33.09907841359225,94.24728169016113,1.1022926192324519e-11,7.796928864927121e-11
7969.5,18867.2,10.4,24.1,26.8,-33.09907841359225,94.24728169016113,1.1022926192324519e-11,7.796928864927121e-11
8176.5,9728.4,35.3,38.5,38.3,-33.09907841359225,94.2472816901613,1.1022926192324519e-11,7.796928864927121e-11
6210.0,13266.0,25.8,7.3,-1.6,33.09907841359225,-94.2472816901613,1.1022926192324519e-11,7.796928864927121e-11
2898.0000000000005,6485.6,18.3,36.7,34.4,-33.09907841359225,94.2472816901613,1.1022926192324519e-11,7.796928864927121e-11
4761.0,16214.000000000002,0.7000000000000001,21.3,39.9,-33.09907841359225,94.2472816901613,1.1022926192324519e-11,7.796928864927121e-11
5382.0,22994.4,49.1,2.0,31.0,-33.09907841359225,94.24728169016113,1.1022926192324519e-11,7.796928864927121e-11
7762.5,16214.000000000002,22.6,12.6,37.3,-33.09907841359225,94.2472816901613,1.1022926192324519e-11,7.796928864927121e-11
4140.0,10612.8,14.3,8.0,-37.8,33.09907841359225,-94.2472816901613,1.1022926192324519e-11,7.796928864927121e-11
7452.0,11202.4,28.1,14.7,34.5,-33.09907841359225,94.2472816901613,1.1022926192324519e-11,7.796928864927121e-11
4140.0,18277.6,46.6,39.0,-17.9,33.09907841359225,-94.24728169016113,1.1022926192324519e-11,7.796928864927121e-11
6934.5,8844.0,8.5,7.9,-12.6,33.09907841359225,-94.2472816901613,1.1022926192324519e-11,7.796928864927121e-11
7244.999999999999,12676.4,37.1,2.8,-42.2,33.09907841359225,-94.2472816901613,1.1022926192324519e-11,7.796928864927121e-11
2484.0,22404.8,3.0,1.9,4.1,-33.09907841359225,94.24728169016113,1.1022926192324519e-11,7.796928864927121e-11
4968.0,19456.8,10.7,27.2,41.4,-33.09907841359225,94.24728169016113,1.1022926192324519e-11,7.796928864927121e-11
2380.5,19751.600000000002,3.8000000000000003,39.3,24.9,-33.09907841359225,94.24728169016113,1.1022926192324519e-11,7.796928864927121e-11
6831.0,21520.399999999998,46.800000000000004,31.4,-36.8,33.09907841359225,-94.24728169016113,1.1022926192324519e-11,7.796928864927121e-11
6210.0,16214.000000000002,0.7000000000000001,19.4,-21.5,33.09907841359225,-94.2472816901613,1.1022926192324519e-11,7.796928864927121e-11
5175.0,11202.4,42.1,15.5,32.6,-33.09907841359225,94.2472816901613,1.1022926192324519e-11,7.796928864927121e-11
3312.0,7075.2,18.6,21.5,-23.6,33.09907841359225,-94.2472816901613,1.1022926192324519e-11,7.796928864927121e-11
6727.5,20930.8,9.3,32.2,35.5,-33.09907841359225,94.24728169016113,1.1022926192324519e-11,7.796928864927121e-11
3726.0,8254.400000000001,16.400000000000002,22.4,45.0,-33.09907841359225,94.2472816901613,1.1022926192324519e-11,7.796928864927121e-11
6417.0,14740.0,11.1,34.3,-5.7,33.09907841359225,-94.2472816901613,1.1022926192324519e-11,7.796928864927121e-11
2380.5,12971.2,47.00000000000001,0.8,8.9,-33.09907841359225,94.2472816901613,1.1022926192324519e-11,7.796928864927121e-11
4450.5,5896.0,5.0,25.5,32.7,-33.09907841359225,94.2472816901613,1.1022926192324519e-11,7.796928864927121e-11
6313.5,17098.399999999998,21.0,5.4,42.1,-33.09907841359225,94.24728169016113,1.1022926192324519e-11,7.796928864927121e-11
7969.5,8549.199999999999,42.5,41.9,42.8,-33.09907841359225,94.2472816901613,1.1022926192324519e-11,7.796928864927121e-11
3933.0,8844.0,36.5,5.2,-7.8,33.09907841359225,-94.2472816901613,1.1022926192324519e-11,7.796928864927121e-11
4554.0,6780.400000000001,22.9,42.1,41.1,-33.09907841359225,94.2472816901613,1.1022926192324519e-11,7.796928864927121e-11
4657.5,11792.0,31.1,49.3,30.8,-33.09907841359225,94.2472816901613,1.1022926192324519e-11,7.796928864927121e-11
2587.5,7370.0,10.7,30.8,-6.5,33.09907841359225,-94.2472816901613,1.1022926192324519e-11,7.796928864927121e-11
3312.0,16214.000000000002,31.200000000000003,18.4,31.3,-33.09907841359225,94.2472816901613,1.1022926192324519e-11,7.796928864927121e-11
3933.0,5896.0,32.5,9.5,-43.7,33.09907841359225,-94.2472816901613,1.1022926192324519e-11,7.796928864927121e-11
8073.0,19162.0,21.8,30.4,3.7,-33.09907841359225,94.24728169016113,1.1022926192324519e-11,7.796928864927121e-11
3105.0,14740.0,15.1,45.3,34.0,-33.09907841359225,94.2472816901613,1.1022926192324519e-11,7.796928864927121e-11
8176.5,15624.400000000001,11.4,46.4,-31.7,33.09907841359225,-94.2472816901613,1.1022926192324519e-11,7.796928864927121e-11
6934.5,10612.8,38.7,7.6,36.1,-33.09907841359225,94.2472816901613,1.1022926192324519e-11,7.796928864927121e-11
2070.0,21520.399999999998,37.5,25.4,37.6,-33.09907841359225,94.24728169016113,1.1022926192324519e-11,7.796928864927121e-11
6520.5,10907.6,30.9,32.5,3.0,-33.09907841359225,94.2472816901613,1.1022926192324519e-11,7.796928864927121e-11
6934.5,12381.6,22.400000000000002,47.3,19.0,-33.09907841359225,94.2472816901613,1.1022926192324519e-11,7.796928864927121e-11
7348.5,8549.199999999999,40.900000000000006,22.2,10.6,-33.09907841359225,94.2472816901613,1.1022926192324519e-11,7.796928864927121e-11
4140.0,18277.6,49.4,14.3,36.3,-33.09907841359225,94.24728169016113,1.1022926192324519e-11,7.796928864927121e-11
5692.500000000001,15624.400000000001,45.8,30.8,-37.5,33.09907841359225,-94.2472816901613,1.1022926192324519e-11,7.796928864927121e-11
2070.0,22110.0,26.8,31.7,-44.2,33.09907841359225,-94.24728169016113,1.1022926192324519e-11,7.796928864927121e-11
4347.0,14445.199999999999,43.800000000000004,12.9,-12.2,33.09907841359225,-94.2472816901613,1.1022926192324519e-11,7.796928864927121e-11
4243.5,11202.4,22.700000000000003,16.7,-46.7,33.09907841359225,-94.2472816901613,1.1022926192324519e-11,7.796928864927121e-11
3208.5,16508.800000000003,41.3,21.3,41.8,-33.09907841359225,94.24728169016113,1.1022926192324519e-11,7.796928864927121e-11
4450.5,9433.6,3.9000000000000004,3.1,-24.9,33.09907841359225,-94.2472816901613,1.1022926192324519e-11,7.796928864927121e-11
5175.0,19751.600000000002,35.2,35.0,0.3,-32.48133750972094,92.48830821509056,1.1022926192324519e-11,7.796928864927121e-11
2380.5,6780.400000000001,22.5,8.6,27.3,-33.09907841359225,94.2472816901613,1.1022926192324519e-11,7.796928864927121e-11
2691.0,12381.6,27.1,0.2,-26.8,33.09907841359225,-94.2472816901613,1.1022926192324519e-11,7.796928864927121e-11
4243.5,5896.0,42.2,8.1,18.9,-33.09907841359225,94.2472816901613,1.1022926192324519e-11,7.796928864927121e-11
7452.0,6780.400000000001,5.300000000000001,0.4,-15.2,33.09907841359225,-94.2472816901613,1.1022926192324519e-11,7.796928864927121e-11
4036.5,22994.4,11.700000000000001,44.4,-43.9,33.09907841359225,-94.24728169016113,1.1022926192324519e-11,7.796928864927121e-11
2484.0,6190.8,32.1,49.6,15.6,-33.09907841359225,94.2472816901613,1.1022926192324519e-11,7.796928864927121e-11
3312.0,6780.400000000001,32.800000000000004,23.0,7.6,-33.09907841359225,94.2472816901613,1.1022926192324519e-11,7.796928864927121e-11
6727.5,10318.0,29.5,10.6,37.9,-33.09907841359225,94.2472816901613,1.1022926192324519e-11,7.796928864927121e-11
4864.5,23289.2,45.699999999999996,44.8,20.5,-33.09907841359225,94.24728169016113,1.1022926192324519e-11,7.796928864927121e-11
4243.5,21225.6,35.1,45.8,-19.1,33.09907841359225,-94.24728169016113,1.1022926192324519e-11,7.796928864927121e-11
4243.5,14445.199999999999,7.1,24.8,-9.7,33.09907841359225,-94.2472816901613,1.1022926192324519e-11,7.796928864927121e-11
5899.499999999999,13560.800000000001,28.1,16.3,23.4,-33.09907841359225,94.2472816901613,1.1022926192324519e-11,7.796928864927121e-11
3105.0,20341.199999999997,20.1,48.7,-16.6,33.09907841359225,-94.24728169016113,1.1022926192324519e-11,7.796928864927121e-11
7555.5,10318.0,30.000000000000004,41.8,-1.7,33.09907841359225,-94.2472816901613,1.1022926192324519e-11,7.796928864927121e-11
2277.0,19162.0,5.8,28.7,-27.4,33.09907841359225,-94.24728169016113,1.1022926192324519e-11,7.796928864927121e-11
2587.5,10907.6,10.7,2.2,-17.0,33.09907841359225,-94.2472816901613,1.1022926192324519e-11,7.796928864927121e-11
6520.5,14445.199999999999,35.3,47.0,19.4,-33.09907841359225,94.2472816901613,1.1022926192324519e-11,7.796928864927121e-11
4036.5,21815.2,9.5,27.6,21.2,-33.09907841359225,94.24728169016113,1.1022926192324519e-11,7.796928864927121e-11
4140.0,20046.4,22.6,0.1,15.4,-33.09907841359225,94.24728169016113,1.1022926192324519e-11,7.796928864927121e-11
2277.0,20636.0,23.400000000000002,47.9,-16.8,33.09907841359225,-94.24728169016113,1.1022926192324519e-11,7.796928864927121e-11
4761.0,17393.2,4.7,4.2,-38.0,33.09907841359225,-94.24728169016113,1.1022926192324519e-11,7.796928864927121e-11
6417.0,20046.4,24.900000000000002,29.5,-12.2,33.09907841359225,-94.24728169016113,1.1022926192324519e-11,7.796928864927121e-11
2173.5,7075.2,40.300000000000004,41.2,33.1,-33.09907841359225,94.2472816901613,1.1022926192324519e-11,7.796928864927121e-11
7969.5,22994.4,39.9,36.5,-28.0,33.09907841359225,-94.24728169016113,1.1022926192324519e-11,7.796928864927121e-11
8073.0,14445.199999999999,15.5,5.1,26.0,-33.09907841359225,94.2472816901613,1.1022926192324519e-11,7.796928864927121e-11
3208.5,13560.800000000001,29.5,11.0,34.0,-33.09907841359225,94.2472816901613,1.1022926192324519e-11,7.796928864927121e-11
2484.0,13560.800000000001,23.1,18.0,-17.9,33.09907841359225,-94.2472816901613,1.1022926192324519e-11,7.796928864927121e-11
3208.5,22699.600000000002,42.699999999999996,24.9,-10.3,33.09907841359225,-94.24728169016113,1.1022926192324519e-11,7.796928864927121e-11
6417.0,7370.0,34.2,4.4,8.1,-33.09907841359225,94.2472816901613,1.1022926192324519e-11,7.796928864927121e-11
5692.500000000001,18867.2,42.0,26.0,-24.9,33.09907841359225,-94.24728169016113,1.1022926192324519e-11,7.796928864927121e-11
5692.500000000001,12086.8,34.7,13.3,31.3,-33.09907841359225,94.2472816901613,1.1022926192324519e-11,7.796928864927121e-11
3933.0,21520.399999999998,22.5,30.1,-1.2,33.09907841359225,-94.24728169016113,1.1022926192324519e-11,7.796928864927121e-11
2587.5,10907.6,3.5000000000000004,1.3,17.5,-33.09907841359225,94.2472816901613,1.1022926192324519e-11,7.796928864927121e-11
4243.5,19751.600000000002,34.8,22.1,-25.8,33.09907841359225,-94.24728169016113,1.1022926192324519e-11,7.796928864927121e-11
7348.5,13855.599999999999,9.6,22.9,47.2,-33.09907841359225,94.2472816901613,1.1022926192324519e-11,7.796928864927121e-11
7141.499999999999,19162.0,4.2,24.7,46.4,-33.09907841359225,94.24728169016113,1.1022926192324519e-11,7.796928864927121e-11
4036.5,20341.199999999997,19.5,17.6,27.2,-33.09907841359225,94.24728169016113,1.1022926192324519e-11,7.796928864927121e-11
5382.0,17098.399999999998,5.300000000000001,41.8,32.8,-33.09907841359225,94.24728169016113,1.1022926192324519e-11,7.796928864927121e-11
3519.0000000000005,19456.8,19.7,48.1,19.2,-33.09907841359225,94.24728169016113,1.1022926192324519e-11,7.796928864927121e-11
6417.0,10612.8,18.700000000000003,21.8,21.9,-33.09907841359225,94.2472816901613,1.1022926192324519e-11,7.796928864927121e-11
5796.000000000001,22110.0,4.1000000000000005,7.0,5.9,-33.09907841359225,94.24728169016113,1.1022926192324519e-11,7.796928864927121e-11
7038.000000000001,19751.600000000002,37.400000000000006,22.9,-46.1,33.09907841359225,-94.24728169016113,1.1022926192324519e-11,7.796928864927121e-11
3726.0,17393.2,23.3,23.8,37.0,-33.09907841359225,94.24728169016113,1.1022926192324519e-11,7.796928864927121e-11
5071.5,20636.0,44.00000000000001,29.2,-39.3,33.09907841359225,-94.24728169016113,1.1022926192324519e-11,7.796928864927121e-11
6313.5,16803.6,26.2,33.3,-36.2,33.09907841359225,-94.2472816901613,1.1022926192324519e-11,7.796928864927121e-11
2691.0,7959.6,34.300000000000004,27.3,-7.3,33.09907841359225,-94.2472816901613,1.1022926192324519e-11,7.796928864927121e-11
5382.0,16803.6,36.7,30.6,-42.2,33.09907841359225,-94.2472816901613,1.1022926192324519e-11,7.796928864927121e-11
3001.5,8844.0,5.2,24.3,20.3,-33.09907841359225,94.2472816901613,1.1022926192324519e-11,7.796928864927121e-11
5692.500000000001,8254.400000000001,36.9,34.8,22.5,-33.09907841359225,94.2472816901613,1.1022926192324519e-11,7.796928864927121e-11
7866.0,12676.4,21.700000000000003,40.2,29.0,-33.09907841359225,94.2472816901613,1.1022926192324519e-11,7.796928864927121e-11
5796.000000000001,8844.0,21.8,2.4,-21.6,33.09907841359225,-94.2472816901613,1.1022926192324519e-11,7.796928864927121e-11
4036.5,20930.8,4.8,38.0,3.7,-33.09907841359225,94.24728169016113,1.1022926192324519e-11,7.796928864927121e-11
6520.5,12971.2,23.3,2.1,15.2,-33.09907841359225,94.2472816901613,1.1022926192324519e-11,7.796928864927121e-11
4140.0,22404.8,47.1,1.1,-38.7,33.09907841359225,-94.24728169016113,1.1022926192324519e-11,7.796928864927121e-11
6417.0,8549.199999999999,41.4,8.9,3.2,-33.09907841359225,94.2472816901613,1.1022926192324519e-11,7.796928864927121e-11
5071.5,13560.800000000001,23.7,30.4,6.7,-33.09907841359225,94.2472816901613,1.1022926192324519e-11,7.796928864927121e-11
2794.5,7959.6,26.7,29.6,-10.6,33.09907841359225,-94.2472816901613,1.1022926192324519e-11,7.796928864927121e-11
3208.5,22994.4,44.7,25.4,-44.7,33.09907841359225,-94.24728169016113,1.1022926192324519e-11,7.796928864927121e-11
6520.5,11792.0,9.5,47.8,48.6,-33.09907841359225,94.2472816901613,1.1022926192324519e-11,7.796928864927121e-11
6831.0,7664.8,2.7,13.6,36.0,-33.09907841359225,94.24728169016122,1.1022926192324519e-11,7.796928864927121e-11
4761.0,12381.6,26.6,28.8,-23.3,33.09907841359225,-94.2472816901613,1.1022926192324519e-11,7.796928864927121e-11
4347.0,19456.8,12.700000000000001,19.0,3.1,-33.09907841359225,94.24728169016113,1.1022926192324519e-11,7.796928864927121e-11
2794.5,18277.6,17.7,14.4,25.2,-33.09907841359225,94.24728169016113,1.1022926192324519e-11,7.796928864927121e-11
7969.5,8549.199999999999,35.5,20.8,-30.6,33.09907841359225,-94.2472816901613,1.1022926192324519e-11,7.796928864927121e-11
4140.0,16803.6,17.6,30.4,37.4,-33.09907841359225,94.24728169016113,1.1022926192324519e-11,7.796928864927121e-11
3312.0,17982.8,10.9,32.9,-5.9,33.09907841359225,-94.24728169016113,1.1022926192324519e-11,7.796928864927121e-11
2794.5,19751.600000000002,37.7,37.8,-10.5,33.09907841359225,-94.24728169016113,1.1022926192324519e-11,7.796928864927121e-11
7659.0,13560.800000000001,45.1,41.6,-1.0,33.09907841359225,-94.2472816901613,1.1022926192324519e-11,7.796928864927121e-11
3622.4999999999995,21815.2,49.6,48.0,-38.0,33.09907841359225,-94.24728169016113,1.1022926192324519e-11,7.796928864927121e-11
8176.5,12086.8,37.1,31.1,-21.7,33.09907841359225,-94.2472816901613,1.1022926192324519e-11,7.796928864927121e-11
4657.5,11497.2,22.9,26.0,-2.1,33.09907841359225,-94.2472816901613,1.1022926192324519e-11,7.796928864927121e-11
7244.999999999999,11497.2,7.4,20.3,35.8,-33.09907841359225,94.2472816901613,1.1022926192324519e-11,7.796928864927121e-11
3726.0,16803.6,26.1,3.1,-21.3,33.09907841359225,-94.2472816901613,1.1022926192324519e-11,7.796928864927121e-11
7038.000000000001,19751.600000000002,17.7,38.5,-22.5,33.09907841359225,-94.24728169016113,1.1022926192324519e-11,7.796928864927121e-11
8073.0,18867.2,31.0,21.3,-13.4,33.09907841359225,-94.24728169016113,1.1022926192324519e-11,7.796928864927121e-11
4864.5,10318.0,18.4,1.2,0.4,-33.09907841359225,94.2472816901613,1.1022926192324519e-11,7.796928864927121e-11
6003.0,12381.6,21.3,3.0,1.3,-33.09907841359225,94.2472816901613,1.1022926192324519e-11,7.796928864927121e-11
4761.0,18277.6,14.8,24.9,12.0,-33.09907841359225,94.24728169016113,1.1022926192324519e-11,7.796928864927121e-11
7452.0,16508.800000000003,41.1,11.4,-7.2,33.09907841359225,-94.2472816901613,1.1022926192324519e-11,7.796928864927121e-11
4657.5,22404.8,48.50000000000001,3.7,-10.4,33.09907841359225,-94.24728169016113,1.1022926192324519e-11,7.796928864927121e-11
2070.0,15919.2,48.1,44.7,-34.5,33.09907841359225,-94.2472816901613,1.1022926192324519e-11,7.796928864927121e-11
7348.5,13855.599999999999,31.200000000000003,23.2,32.4,-33.09907841359225,94.2472816901613,1.1022926192324519e-11,7.796928864927121e-11
3933.0,15329.6,23.2,8.2,-27.5,33.09907841359225,-94.2472816901613,1.1022926192324519e-11,7.796928864927121e-11
6313.5,14445.199999999999,41.7,22.7,-16.1,33.09907841359225,-94.2472816901613,1.1022926192324519e-11,7.796928864927121e-11
3622.4999999999995,23289.2,7.6000000000000005,2.6,33.6,-33.09907841359225,94.24728169016113,1.1022926192324519e-11,7.796928864927121e-11
4347.0,21520.399999999998,37.5,27.8,-44.5,33.09907841359225,-94.24728169016113,1.1022926192324519e-11,7.796928864927121e-11
6624.0,19751.600000000002,41.900000000000006,45.1,-11.2,33.09907841359225,-94.24728169016113,1.1022926192324519e-11,7.796928864927121e-11
3933.0,6190.8,34.8,35.5,-28.3,33.09907841359225,-94.2472816901613,1.1022926192324519e-11,7.796928864927121e-11
7452.0,13855.599999999999,42.0,3.7,9.4,-33.09907841359225,94.2472816901613,1.1022926192324519e-11,7.796928864927121e-11
3622.4999999999995,13855.599999999999,7.3,23.8,-13.6,33.09907841359225,-94.2472816901613,1.1022926192324519e-11,7.796928864927121e-11
7452.0,19751.600000000002,11.4,22.5,-8.4,33.09907841359225,-94.24728169016113,1.1022926192324519e-11,7.796928864927121e-11
7969.5,21225.6,38.900000000000006,2.6,-4.1,33.09907841359225,-94.24728169016113,1.1022926192324519e-11,7.796928864927121e-11
2380.5,20341.199999999997,32.4,44.4,17.8,-33.09907841359225,94.24728169016113,1.1022926192324519e-11,7.796928864927121e-11
4968.0,14740.0,30.6,33.0,9.6,-33.09907841359225,94.2472816901613,1.1022926192324519e-11,7.796928864927121e-11
5278.5,16508.800000000003,42.5,8.6,-49.3,33.09907841359225,-94.2472816901613,1.1022926192324519e-11,7.796928864927121e-11
2070.0,13560.800000000001,18.0,10.1,-39.7,33.09907841359225,-94.2472816901613,1.1022926192324519e-11,7.796928864927121e-11
5382.0,22699.600000000002,23.7,23.3,45.5,-33.09907841359225,94.24728169016113,1.1022926192324519e-11,7.796928864927121e-11
6210.0,12971.2,47.9,39.6,-49.4,33.09907841359225,-94.2472816901613,1.1022926192324519e-11,7.796928864927121e-11
2691.0,8549.199999999999,9.9,1.8,-22.4,33.09907841359225,-94.2472816901613,1.1022926192324519e-11,7.796928864927121e-11
2380.5,10023.2,36.4,15.3,0.3,-31.79322469783912,90.52895571573046,1.1022926192324519e-11,7.796928864927121e-11
6210.0,14445.199999999999,6.4,11.5,30.2,-33.09907841359225,94.2472816901613,1.1022926192324519e-11,7.796928864927121e-11
6003.0,23289.2,3.6,27.9,7.6,-33.09907841359225,94.24728169016113,1.1022926192324519e-11,7.796928864927121e-11
7038.000000000001,10612.8,24.300000000000004,11.1,-7.5,33.09907841359225,-94.2472816901613,1.1022926192324519e-11,7.796928864927121e-11
6106.5,14445.199999999999,23.8,33.4,-43.1,33.09907841359225,-94.2472816901613,1.1022926192324519e-11,7.796928864927121e-11
4140.0,10612.8,26.6,16.9,-1.5,33.09907841359225,-94.2472816901613,1.1022926192324519e-11,7.796928864927121e-11
4761.0,17393.2,33.00000000000001,17.9,32.0,-33.09907841359225,94.24728169016113,1.1022926192324519e-11,7.796928864927121e-11
4036.5,20341.199999999997,22.700000000000003,37.8,-8.4,33.09907841359225,-94.24728169016113,1.1022926192324519e-11,7.796928864927121e-11
3208.5,9728.4,26.1,1.7,47.7,-33.09907841359225,94.2472816901613,1.1022926192324519e-11,7.796928864927121e-11
2277.0,18572.4,37.5,34.1,47.3,-33.09907841359225,94.24728169016113,1.1022926192324519e-11,7.796928864927121e-11
4243.5,10318.0,37.300000000000004,48.1,2.7,-33.09907841359225,94.2472816901613,1.1022926192324519e-11,7.796928864927121e-11
3208.5,20930.8,39.9,16.1,-12.8,33.09907841359225,-94.24728169016113,1.1022926192324519e-11,7.796928864927121e-11
2277.0,14740.0,42.6,32.2,44.7,-33.09907841359225,94.2472816901613,1.1022926192324519e-11,7.796928864927121e-11
6313.5,18867.2,38.3,22.2,-37.1,33.09907841359225,-94.24728169016113,1.1022926192324519e-11,7.796928864927121e-11
7244.999999999999,15329.6,6.3,25.0,24.6,-33.09907841359225,94.2472816901613,1.1022926192324519e-11,7.796928864927121e-11
3622.4999999999995,12971.2,30.799999999999997,31.0,14.4,-33.09907841359225,94.2472816901613,1.1022926192324519e-11,7.796928864927121e-11
5796.000000000001,15329.6,2.8000000000000003,49.7,40.1,-33.09907841359225,94.2472816901613,1.1022926192324519e-11,7.796928864927121e-11
6831.0,12676.4,24.4,34.6,-26.6,33.09907841359225,-94.2472816901613,1.1022926192324519e-11,7.796928864927121e-11
2380.5,10318.0,8.0,12.5,14.4,-33.09907841359225,94.2472816901613,1.1022926192324519e-11,7.796928864927121e-11
2691.0,18867.2,48.60000000000001,31.8,21.4,-33.09907841359225,94.24728169016113,1.1022926192324519e-11,7.796928864927121e-11
7762.5,19456.8,29.700000000000003,24.9,-46.0,33.09907841359225,-94.24728169016113,1.1022926192324519e-11,7.796928864927121e-11
8280.0,20930.8,2.5,29.1,43.9,-33.09907841359225,94.24728169016113,1.1022926192324519e-11,7.796928864927121e-11
8280.0,13560.800000000001,33.7,38.4,33.3,-33.09907841359225,94.2472816901613,1.1022926192324519e-11,7.796928864927121e-11
7969.5,8549.199999999999,34.0,42.5,38.0,-33.09907841359225,94.2472816901613,1.1022926192324519e-11,7.796928864927121e-11
4968.0,9138.8,30.400000000000002,30.4,11.2,-33.09907841359225,94.2472816901613,1.1022926192324519e-11,7.796928864927121e-11
3001.5,12971.2,32.0,21.8,-11.6,33.09907841359225,-94.2472816901613,1.1022926192324519e-11,7.796928864927121e-11
3622.4999999999995,17393.2,39.1,43.0,45.3,-33.09907841359225,94.24728169016113,1.1022926192324519e-11,7.796928864927121e-11
8280.0,15034.800000000001,22.2,29.2,39.6,-33.09907841359225,94.2472816901613,1.1022926192324519e-11,7.796928864927121e-11
7969.5,8254.400000000001,40.7,2.6,49.3,-33.09907841359225,94.2472816901613,1.1022926192324519e-11,7.796928864927121e-11
6106.5,16508.800000000003,10.7,3.6,0.8,-33.09907841359225,94.24728169016113,1.1022926192324519e-11,7.796928864927121e-11
3312.0,8254.400000000001,14.000000000000002,23.8,15.9,-33.09907841359225,94.2472816901613,1.1022926192324519e-11,7.796928864927121e-11
6210.0,7959.6,4.0,10.1,-13.6,33.09907841359225,-94.2472816901613,1.1022926192324519e-11,7.796928864927121e-11
2691.0,21815.2,8.7,38.4,9.1,-33.09907841359225,94.24728169016113,1.1022926192324519e-11,7.796928864927121e-11
6624.0,19456.8,9.0,29.6,-35.1,33.09907841359225,-94.24728169016113,1.1022926192324519e-11,7.796928864927121e-11
2691.0,21815.2,0.0,5.4,-37.1,33.09907841359225,-94.24728169016113,1.1022926192324519e-11,7.796928864927121e-11
5071.5,10318.0,4.2,38.4,30.0,-33.09907841359225,94.2472816901613,1.1022926192324519e-11,7.796928864927121e-11
6934.5,13266.0,1.8,1.4,3.6,-33.09907841359225,94.2472816901613,1.1022926192324519e-11,7.796928864927121e-11
6313.5,8844.0,32.6,49.9,-19.9,33.09907841359225,-94.2472816901613,1.1022926192324519e-11,7.796928864927121e-11
3933.0,12676.4,9.1,23.5,-44.8,33.09907841359225,-94.2472816901613,1.1022926192324519e-11,7.796928864927121e-11
3208.5,8549.199999999999,2.9,27.6,5.9,-33.09907841359225,94.2472816901613,1.1022926192324519e-11,7.796928864927121e-11
4450.5,7370.0,9.4,30.0,-14.4,33.09907841359225,-94.2472816901613,1.1022926192324519e-11,7.796928864927121e-11
2173.5,21815.2,7.000000000000001,43.4,-34.3,33.09907841359225,-94.24728169016113,1.1022926192324519e-11,7.796928864927121e-11
4036.5,19456.8,11.799999999999999,6.6,0.6,-33.09907841359225,94.24728169016113,1.1022926192324519e-11,7.796928864927121e-11
4657.5,18572.4,17.5,5.1,-36.5,33.09907841359225,-94.24728169016113,1.1022926192324519e-11,7.796928864927121e-11
3415.5,12086.8,39.6,16.0,38.7,-33.09907841359225,94.2472816901613,1.1022926192324519e-11,7.796928864927121e-11
4554.0,9433.6,36.8,44.1,2.2,-33.09907841359225,94.2472816901613,1.1022926192324519e-11,7.796928864927121e-11
8073.0,18277.6,11.200000000000001,6.2,48.4,-33.09907841359225,94.24728169016113,1.1022926192324519e-11,7.796928864927121e-11
2691.0,8254.400000000001,16.3,21.4,1.3,-33.09907841359225,94.2472816901613,1.1022926192324519e-11,7.796928864927121e-11
5278.5,21520.399999999998,25.1,3.4,-34.3,33.09907841359225,-94.24728169016113,1.1022926192324519e-11,7.796928864927121e-11
4968.0,9433.6,22.6,22.3,36.0,-33.09907841359225,94.2472816901613,1.1022926192324519e-11,7.796928864927121e-11
6106.5,7370.0,22.6,18.8,39.9,-33.09907841359225,94.2472816901613,1.1022926192324519e-11,7.796928864927121e-11
7555.5,9433.6,19.3,40.4,5.7,-33.09907841359225,94.2472816901613,1.1022926192324519e-11,7.796928864927121e-11
5589.0,14445.199999999999,17.4,6.8,3.3,-33.09907841359225,94.2472816901613,1.1022926192324519e-11,7.796928864927121e-11
7866.0,19162.0,44.7,14.9,-12.8,33.09907841359225,-94.24728169016113,1.1022926192324519e-11,7.796928864927121e-11
3105.0,21520.399999999998,3.5000000000000004,38.0,20.9,-33.09907841359225,94.24728169016113,1.1022926192324519e-11,7.796928864927121e-11
2794.5,13560.800000000001,11.9,48.3,16.8,-33.09907841359225,94.2472816901613,1.1022926192324519e-11,7.796928864927121e-11
3001.5,15624.400000000001,25.6,17.9,-36.9,33.09907841359225,-94.2472816901613,1.1022926192324519e-11,7.796928864927121e-11
6210.0,20636.0,41.199999999999996,14.4,6.3,-33.09907841359225,94.24728169016113,1.1022926192324519e-11,7.796928864927121e-11
7762.5,18277.6,17.0,23.4,39.0,-33.09907841359225,94.24728169016113,1.1022926192324519e-11,7.796928864927121e-11
3829.5,7370.0,45.300000000000004,33.9,-39.5,33.09907841359225,-94.2472816901613,1.1022926192324519e-11,7.796928864927121e-11
4657.5,13266.0,15.5,46.5,17.3,-33.09907841359225,94.2472816901613,1.1022926192324519e-11,7.796928864927121e-11
4347.0,14150.4,28.900000000000002,34.0,-4.6,33.09907841359225,-94.2472816901613,1.1022926192324519e-11,7.796928864927121e-11
4657.5,6485.6,30.799999999999997,29.1,41.8,-33.09907841359225,94.2472816901613,1.1022926192324519e-11,7.796928864927121e-11
3726.0,8549.199999999999,24.8,39.3,45.6,-33.09907841359225,94.2472816901613,1.1022926192324519e-11,7.796928864927121e-11
5589.0,22994.4,45.6,23.6,46.0,-33.09907841359225,94.24728169016113,1.1022926192324519e-11,7.796928864927121e-11
3726.0,11202.4,42.0,16.4,29.4,-33.09907841359225,94.2472816901613,1.1022926192324519e-11,7.796928864927121e-11
6934.5,22699.600000000002,24.200000000000003,19.5,40.0,-33.09907841359225,94.24728169016113,1.1022926192324519e-11,7.796928864927121e-11
8176.5,7959.6,42.0,38.5,38.8,-33.09907841359225,94.2472816901613,1.1022926192324519e-11,7.796928864927121e-11
5278.5,15624.400000000001,40.6,44.9,-24.9,33.09907841359225,-94.2472816901613,1.1022926192324519e-11,7.796928864927121e-11
5589.0,7959.6,3.0,33.6,-26.0,33.09907841359225,-94.2472816901613,1.1022926192324519e-11,7.796928864927121e-11
3829.5,7370.0,3.5000000000000004,1.7,-12.0,33.09907841359225,-94.2472816901613,1.1022926192324519e-11,7.796928864927121e-11
6831.0,15919.2,25.9,24.1,34.5,-33.09907841359225,94.24728169016113,1.1022926192324519e-11,7.796928864927121e-11
5692.500000000001,20341.199999999997,49.800000000000004,3.2,-4.8,33.09907841359225,-94.24728169016113,1.1022926192324519e-11,7.796928864927121e-11
7141.499999999999,8254.400000000001,14.1,13.8,-7.4,33.09907841359225,-94.2472816901613,1.1022926192324519e-11,7.796928864927121e-11
3726.0,18867.2,16.1,32.8,-7.8,33.09907841359225,-94.24728169016113,1.1022926192324519e-11,7.796928864927121e-11
5485.5,12086.8,35.800000000000004,45.0,14.7,-33.09907841359225,94.2472816901613,1.1022926192324519e-11,7.796928864927121e-11
2380.5,11497.2,30.099999999999998,32.7,-14.8,33.09907841359225,-94.2472816901613,1.1022926192324519e-11,7.796928864927121e-11
6417.0,20046.4,28.5,7.9,-7.9,33.09907841359225,-94.24728169016113,1.1022926192324519e-11,7.796928864927121e-11
7555.5,12086.8,48.8,11.7,-31.1,33.09907841359225,-94.2472816901613,1.1022926192324519e-11,7.796928864927121e-11
8073.0,13560.800000000001,7.800000000000001,1.6,43.2,-33.09907841359225,94.2472816901613,1.1022926192324519e-11,7.796928864927121e-11
7659.0,20636.0,28.1,3.2,-36.0,33.09907841359225,-94.24728169016113,1.1022926192324519e-11,7.796928864927121e-11
2691.0,15034.800000000001,12.3,23.7,2.4,-33.09907841359225,94.2472816901613,1.1022926192324519e-11,7.796928864927121e-11
2898.0000000000005,22699.600000000002,48.9,22.2,-46.5,33.09907841359225,-94.24728169016113,1.1022926192324519e-11,7.796928864927121e-11
2173.5,8549.199999999999,49.0,31.9,45.5,-33.09907841359225,94.2472816901613,1.1022926192324519e-11,7.796928864927121e-11
6520.5,12676.4,41.5,12.2,38.7,-33.09907841359225,94.2472816901613,1.1022926192324519e-11,7.796928864927121e-11
2898.0000000000005,22994.4,47.00000000000001,6.7,47.4,-33.09907841359225,94.24728169016113,1.1022926192324519e-11,7.796928864927121e-11
2380.5,17982.8,25.1,33.0,16.5,-33.09907841359225,94.24728169016113,1.1022926192324519e-11,7.796928864927121e-11
8176.5,19751.600000000002,1.8,46.7,-41.2,33.09907841359225,-94.24728169016113,1.1022926192324519e-11,7.796928864927121e-11
4657.5,15329.6,28.8,46.6,28.7,-33.09907841359225,94.2472816901613,1.1022926192324519e-11,7.796928864927121e-11
8280.0,12676.4,19.5,23.3,-38.8,33.09907841359225,-94.2472816901613,1.1022926192324519e-11,7.796928864927121e-11
2794.5,19456.8,12.8,47.9,0.6,-33.09907841359225,94.24728169016113,1.1022926192324519e-11,7.796928864927121e-11
6624.0,17098.399999999998,21.5,21.0,10.1,-33.09907841359225,94.24728169016113,1.1022926192324519e-11,7.796928864927121e-11
6831.0,16508.800000000003,27.200000000000003,29.1,-1.4,33.09907841359225,-94.2472816901613,1.1022926192324519e-11,7.796928864927121e-11
3622.4999999999995,20341.199999999997,13.0,25.0,4.3,-33.09907841359225,94.24728169016113,1.1022926192324519e-11,7.796928864927121e-11
6313.5,11497.2,42.400000000000006,38.3,22.2,-33.09907841359225,94.2472816901613,1.1022926192324519e-11,7.796928864927121e-11
7348.5,23584.0,20.1,37.6,32.9,-33.09907841359225,94.24728169016113,1.1022926192324519e-11,7.796928864927121e-11
5796.000000000001,11497.2,17.3,29.0,11.1,-33.09907841359225,94.2472816901613,1.1022926192324519e-11,7.796928864927121e-11
4140.0,21520.399999999998,38.800000000000004,2.4,3.3,-33.09907841359225,94.24728169016113,1.1022926192324519e-11,7.796928864927121e-11
7038.000000000001,22110.0,43.6,30.5,6.5,-33.09907841359225,94.24728169016113,1.1022926192324519e-11,7.796928864927121e-11
7555.5,6780.400000000001,39.9,4.5,-7.3,33.09907841359225,-94.2472816901613,1.1022926192324519e-11,7.796928864927121e-11
2587.5,22699.600000000002,49.800000000000004,25.1,-33.1,33.09907841359225,-94.24728169016113,1.1022926192324519e-11,7.796928864927121e-11
7659.0,7959.6,15.799999999999999,7.8,23.5,-33.09907841359225,94.2472816901613,1.1022926192324519e-11,7.796928864927121e-11
5589.0,10907.6,21.3,11.0,21.9,-33.09907841359225,94.2472816901613,1.1022926192324519e-11,7.796928864927121e-11
4140.0,18277.6,6.0,30.1,30.9,-33.09907841359225,94.24728169016113,1.1022926192324519e-11,7.796928864927121e-11
6106.5,16803.6,33.7,21.1,26.8,-33.09907841359225,94.24728169016113,1.1022926192324519e-11,7.796928864927121e-11
7452.0,16508.800000000003,35.6,25.6,-47.6,33.09907841359225,-94.2472816901613,1.1022926192324519e-11,7.796928864927121e-11
6417.0,22994.4,19.0,46.5,-32.2,33.09907841359225,-94.24728169016113,1.1022926192324519e-11,7.796928864927121e-11
4347.0,7664.8,38.7,33.2,13.5,-33.09907841359225,94.24728169016122,1.1022926192324519e-11,7.796928864927121e-11
6934.5,21815.2,39.9,48.1,-18.5,33.09907841359225,-94.24728169016113,1.1022926192324519e-11,7.796928864927121e-11
6831.0,6190.8,16.400000000000002,17.3,-19.8,33.09907841359225,-94.2472816901613,1.1022926192324519e-11,7.796928864927121e-11
6003.0,20930.8,9.6,17.7,-20.7,33.09907841359225,-94.24728169016113,1.1022926192324519e-11,7.796928864927121e-11
6934.5,20930.8,8.3,15.6,36.2,-33.09907841359225,94.24728169016113,1.1022926192324519e-11,7.796928864927121e-11
6210.0,23289.2,18.0,50.0,45.7,-33.09907841359225,94.24728169016113,1.1022926192324519e-11,7.796928864927121e-11
6313.5,13560.800000000001,34.0,22.2,42.8,-33.09907841359225,94.2472816901613,1.1022926192324519e-11,7.796928864927121e-11
3622.4999999999995,18572.4,45.0,46.8,24.2,-33.09907841359225,94.24728169016113,1.1022926192324519e-11,7.796928864927121e-11
4036.5,8254.400000000001,24.0,21.2,-30.2,33.09907841359225,-94.2472816901613,1.1022926192324519e-11,7.796928864927121e-11
4864.5,16803.6,23.8,32.4,-18.6,33.09907841359225,-94.2472816901613,1.1022926192324519e-11,7.796928864927121e-11
7038.000000000001,12676.4,7.800000000000001,43.4,41.5,-33.09907841359225,94.2472816901613,1.1022926192324519e-11,7.796928864927121e-11
4036.5,10612.8,38.6,10.2,-37.3,33.09907841359225,-94.2472816901613,1.1022926192324519e-11,7.796928864927121e-11
4140.0,22404.8,45.1,10.4,5.8,-33.09907841359225,94.24728169016113,1.1022926192324519e-11,7.796928864927121e-11
3105.0,21815.2,48.7,11.3,41.2,-33.09907841359225,94.24728169016113,1.1022926192324519e-11,7.796928864927121e-11
6417.0,8844.0,14.2,7.4,22.2,-33.09907841359225,94.2472816901613,1.1022926192324519e-11,7.796928864927121e-11
3312.0,11792.0,11.3,6.3,-7.1,33.09907841359225,-94.2472816901613,1.1022926192324519e-11,7.796928864927121e-11
2898.0000000000005,13560.800000000001,3.1,44.4,19.3,-33.09907841359225,94.2472816901613,1.1022926192324519e-11,7.796928864927121e-11
4761.0,12086.8,30.500000000000004,9.3,12.7,-33.09907841359225,94.2472816901613,1.1022926192324519e-11,7.796928864927121e-11
5485.5,6485.6,39.699999999999996,26.3,45.3,-33.09907841359225,94.2472816901613,1.1022926192324519e-11,7.796928864927121e-11
6727.5,15034.800000000001,0.4,41.2,32.3,-33.09907841359225,94.2472816901613,1.1022926192324519e-11,7.796928864927121e-11
6520.5,10318.0,45.1,33.3,17.5,-33.09907841359225,94.2472816901613,1.1022926192324519e-11,7.796928864927121e-11
4450.5,20341.199999999997,31.200000000000003,2.8,2.4,-33.09907841359225,94.24728169016113,1.1022926192324519e-11,7.796928864927121e-11
6934.5,11497.2,36.5,45.5,-7.8,33.09907841359225,-94.2472816901613,1.1022926192324519e-11,7.796928864927121e-11
2794.5,22699.600000000002,39.300000000000004,47.0,-8.7,33.09907841359225,-94.24728169016113,1.1022926192324519e-11,7.796928864927121e-11
4864.5,9728.4,35.900000000000006,6.9,-15.9,33.09907841359225,-94.2472816901613,1.1022926192324519e-11,7.796928864927121e-11
3001.5,11202.4,20.200000000000003,47.2,44.7,-33.09907841359225,94.2472816901613,1.1022926192324519e-11,7.796928864927121e-11
3312.0,16803.6,25.9,10.4,-5.1,33.09907841359225,-94.2472816901613,1.1022926192324519e-11,7.796928864927121e-11
2484.0,8549.199999999999,10.299999999999999,2.7,-10.4,33.09907841359225,-94.2472816901613,1.1022926192324519e-11,7.796928864927121e-11
6313.5,20930.8,19.0,38.7,4.0,-33.09907841359225,94.24728169016113,1.1022926192324519e-11,7.796928864927121e-11
7141.499999999999,20341.199999999997,25.8,21.4,-35.2,33.09907841359225,-94.24728169016113,1.1022926192324519e-11,7.796928864927121e-11
7866.0,23584.0,43.800000000000004,46.2,14.6,-33.09907841359225,94.24728169016113,1.1022926192324519e-11,7.796928864927121e-11
6313.5,11497.2,39.1,47.0,-33.3,33.09907841359225,-94.2472816901613,1.1022926192324519e-11,7.796928864927121e-11
3208.5,23289.2,39.699999999999996,33.7,37.5,-33.09907841359225,94.24728169016113,1.1022926192324519e-11,7.796928864927121e-11
5382.0,20636.0,35.4,31.9,-38.6,33.09907841359225,-94.24728169016113,1.1022926192324519e-11,7.796928864927121e-11
6313.5,21520.399999999998,42.400000000000006,2.5,1.9,-33.09907841359225,94.24728169016113,1.1022926192324519e-11,7.796928864927121e-11
5382.0,12381.6,26.2,11.0,17.6,-33.09907841359225,94.2472816901613,1.1022926192324519e-11,7.796928864927121e-11
5796.000000000001,20930.8,48.8,47.4,-10.9,33.09907841359225,-94.24728169016113,1.1022926192324519e-11,7.796928864927121e-11
7141.499999999999,22404.8,34.9,21.3,19.4,-33.09907841359225,94.24728169016113,1.1022926192324519e-11,7.796928864927121e-11
7348.5,21225.6,29.0,36.5,-1.5,33.09907841359225,-94.24728169016113,1.1022926192324519e-11,7.796928864927121e-11
4761.0,13855.599999999999,44.6,17.0,38.9,-33.09907841359225,94.2472816901613,1.1022926192324519e-11,7.796928864927121e-11
5485.5,14150.4,30.099999999999998,35.0,-38.8,33.09907841359225,-94.2472816901613,1.1022926192324519e-11,7.796928864927121e-11
7038.000000000001,8844.0,1.5,14.5,-17.4,33.09907841359225,-94.2472816901613,1.1022926192324519e-11,7.796928864927121e-11
5175.0,11497.2,41.7,22.0,20.8,-33.09907841359225,94.2472816901613,1.1022926192324519e-11,7.796928864927121e-11
3519.0000000000005,8844.0,30.099999999999998,21.0,-7.7,33.09907841359225,-94.2472816901613,1.1022926192324519e-11,7.796928864927121e-11
2173.5,7370.0,30.799999999999997,48.9,41.8,-33.09907841359225,94.2472816901613,1.1022926192324519e-11,7.796928864927121e-11
4243.5,8549.199999999999,20.400000000000002,47.7,-30.9,33.09907841359225,-94.2472816901613,1.1022926192324519e-11,7.796928864927121e-11
7555.5,18867.2,34.0,11.6,32.1,-33.09907841359225,94.24728169016113,1.1022926192324519e-11,7.796928864927121e-11
2380.5,15624.400000000001,11.700000000000001,0.4,2.0,-33.09907841359225,94.24728169016113,1.1022926192324519e-11,7.796928864927121e-11
2277.0,10612.8,11.000000000000002,13.8,11.0,-33.09907841359225,94.2472816901613,1.1022926192324519e-11,7.796928864927121e-11
6106.5,13560.800000000001,38.800000000000004,17.7,-40.4,33.09907841359225,-94.2472816901613,1.1022926192324519e-11,7.796928864927121e-11
2898.0000000000005,17982.8,25.000000000000004,9.4,-13.1,33.09907841359225,-94.24728169016113,1.1022926192324519e-11,7.796928864927121e-11
2794.5,22110.0,38.5,37.4,29.1,-33.09907841359225,94.24728169016113,1.1022926192324519e-11,7.796928864927121e-11
2380.5,9433.6,13.600000000000001,37.6,-36.0,33.09907841359225,-94.2472816901613,1.1022926192324519e-11,7.796928864927121e-11
5071.5,15624.400000000001,26.500000000000004,18.9,-47.0,33.09907841359225,-94.2472816901613,1.1022926192324519e-11,7.796928864927121e-11
7659.0,11202.4,16.3,37.1,-21.2,33.09907841359225,-94.2472816901613,1.1022926192324519e-11,7.796928864927121e-11
6313.5,10023.2,32.1,27.2,-20.7,33.09907841359225,-94.2472816901613,1.1022926192324519e-11,7.796928864927121e-11
6003.0,15919.2,0.7000000000000001,12.7,18.5,-33.09907841359225,94.24728169016113,1.1022926192324519e-11,7.796928864927121e-11
3415.5,20930.8,13.700000000000001,34.3,-20.6,33.09907841359225,-94.24728169016113,1.1022926192324519e-11,7.796928864927121e-11
6210.0,22404.8,21.200000000000003,19.4,-16.4,33.09907841359225,-94.24728169016113,1.1022926192324519e-11,7.796928864927121e-11
7866.0,23584.0,38.0,37.8,-11.3,33.09907841359225,-94.24728169016113,1.1022926192324519e-11,7.796928864927121e-11
4347.0,18277.6,8.600000000000001,21.6,-14.4,33.09907841359225,-94.24728169016113,1.1022926192324519e-11,7.796928864927121e-11
5692.500000000001,9728.4,42.300000000000004,33.3,-6.6,33.09907841359225,-94.2472816901613,1.1022926192324519e-11,7.796928864927121e-11
8073.0,16508.800000000003,24.4,15.8,26.9,-33.09907841359225,94.24728169016113,1.1022926192324519e-11,7.796928864927121e-11
7141.499999999999,18867.2,35.4,2.2,-45.5,33.09907841359225,-94.24728169016113,1.1022926192324519e-11,7.796928864927121e-11
3208.5,20636.0,24.1,5.1,-4.9,33.09907841359225,-94.24728169016113,1.1022926192324519e-11,7.796928864927121e-11
4968.0,6485.6,12.700000000000001,35.3,-30.4,33.09907841359225,-94.2472816901613,1.1022926192324519e-11,7.796928864927121e-11
7555.5,15624.400000000001,8.8,31.3,28.9,-33.09907841359225,94.24728169016113,1.1022926192324519e-11,7.796928864927121e-11
6313.5,23584.0,18.3,15.0,-2.4,33.09907841359225,-94.24728169016113,1.1022926192324519e-11,7.796928864927121e-11
4347.0,9728.4,42.699999999999996,13.6,38.0,-33.09907841359225,94.2472816901613,1.1022926192324519e-11,7.796928864927121e-11
8073.0,17688.0,19.9,18.8,48.9,-33.09907841359225,94.24728169016113,1.1022926192324519e-11,7.796928864927121e-11
6003.0,7959.6,37.0,14.8,-21.2,33.09907841359225,-94.2472816901613,1.1022926192324519e-11,7.796928864927121e-11
5589.0,11202.4,11.3,28.4,30.8,-33.09907841359225,94.2472816901613,1.1022926192324519e-11,7.796928864927121e-11
7452.0,7075.2,7.8999999999999995,7.6,-35.1,33.09907841359225,-94.2472816901613,1.1022926192324519e-11,7.796928864927121e-11
6520.5,23584.0,8.9,48.2,9.0,-33.09907841359225,94.24728169016113,1.1022926192324519e-11,7.796928864927121e-11
6934.5,12676.4,5.300000000000001,47.7,-7.6,33.09907841359225,-94.2472816901613,1.1022926192324519e-11,7.796928864927121e-11
5899.499999999999,15624.400000000001,39.300000000000004,32.5,-49.3,33.09907841359225,-94.2472816901613,1.1022926192324519e-11,7.796928864927121e-11
4968.0,9433.6,20.5,41.6,39.2,-33.09907841359225,94.2472816901613,1.1022926192324519e-11,7.796928864927121e-11
3105.0,19751.600000000002,49.800000000000004,30.3,15.2,-33.09907841359225,94.24728169016113,1.1022926192324519e-11,7.796928864927121e-11
5278.5,9138.8,36.9,5.6,-33.7,33.09907841359225,-94.2472816901613,1.1022926192324519e-11,7.796928864927121e-11
3622.4999999999995,21225.6,31.200000000000003,14.9,-33.2,33.09907841359225,-94.24728169016113,1.1022926192324519e-11,7.796928864927121e-11
7452.0,17688.0,38.3,8.0,-9.7,33.09907841359225,-94.24728169016113,1.1022926192324519e-11,7.796928864927121e-11
2277.0,10907.6,21.5,16.6,-29.8,33.09907841359225,-94.2472816901613,1.1022926192324519e-11,7.796928864927121e-11
4761.0,19456.8,36.1,8.8,39.1,-33.09907841359225,94.24728169016113,1.1022926192324519e-11,7.796928864927121e-11
5589.0,16508.800000000003,40.5,5.7,30.3,-33.09907841359225,94.24728169016113,1.1022926192324519e-11,7.796928864927121e-11
3312.0,10612.8,13.5,39.4,-26.2,33.09907841359225,-94.2472816901613,1.1022926192324519e-11,7.796928864927121e-11
3829.5,12381.6,49.4,4.0,42.0,-33.09907841359225,94.2472816901613,1.1022926192324519e-11,7.796928864927121e-11
3001.5,16803.6,48.60000000000001,36.7,9.5,-33.09907841359225,94.24728169016113,1.1022926192324519e-11,7.796928864927121e-11
4140.0,9433.6,40.1,49.5,13.2,-33.09907841359225,94.2472816901613,1.1022926192324519e-11,7.796928864927121e-11
6520.5,20930.8,11.1,28.9,36.2,-33.09907841359225,94.24728169016113,1.1022926192324519e-11,7.796928864927121e-11
4761.0,9138.8,42.1,47.8,-41.4,33.09907841359225,-94.2472816901613,1.1022926192324519e-11,7.796928864927121e-11
5175.0,7959.6,15.9,4.1,41.1,-33.09907841359225,94.2472816901613,1.1022926192324519e-11,7.796928864927121e-11
4450.5,11202.4,1.5,11.3,12.4,-33.09907841359225,94.2472816901613,1.1022926192324519e-11,7.796928864927121e-11
5278.5,20636.0,5.4,40.8,18.5,-33.09907841359225,94.24728169016113,1.1022926192324519e-11,7.796928864927121e-11
5278.5,21815.2,44.5,12.3,25.6,-33.09907841359225,94.24728169016113,1.1022926192324519e-11,7.796928864927121e-11
8280.0,8549.199999999999,29.6,18.7,24.1,-33.09907841359225,94.2472816901613,1.1022926192324519e-11,7.796928864927121e-11
4761.0,20341.199999999997,35.1,44.8,-39.7,33.09907841359225,-94.24728169016113,1.1022926192324519e-11,7.796928864927121e-11
7762.5,13560.800000000001,47.00000000000001,17.3,20.5,-33.09907841359225,94.2472816901613,1.1022926192324519e-11,7.796928864927121e-11
4347.0,16508.800000000003,28.2,0.8,-7.4,33.09907841359225,-94.2472816901613,1.1022926192324519e-11,7.796928864927121e-11
3622.4999999999995,15034.800000000001,5.300000000000001,24.5,-10.5,33.09907841359225,-94.2472816901613,1.1022926192324519e-11,7.796928864927121e-11
2691.0,21225.6,31.200000000000003,40.9,-10.6,33.09907841359225,-94.24728169016113,1.1022926192324519e-11,7.796928864927121e-11
5692.500000000001,6485.6,12.0,43.4,-24.1,33.09907841359225,-94.2472816901613,1.1022926192324519e-11,7.796928864927121e-11
6417.0,9728.4,38.6,15.9,27.5,-33.09907841359225,94.2472816901613,1.1022926192324519e-11,7.796928864927121e-11
5278.5,10612.8,43.300000000000004,23.2,-34.0,33.09907841359225,-94.2472816901613,1.1022926192324519e-11,7.796928864927121e-11
5278.5,10612.8,2.0,35.7,48.9,-33.09907841359225,94.2472816901613,1.1022926192324519e-11,7.796928864927121e-11
6003.0,8844.0,28.1,16.7,-22.7,33.09907841359225,-94.2472816901613,1.1022926192324519e-11,7.796928864927121e-11
7348.5,15034.800000000001,11.9,33.5,-15.9,33.09907841359225,-94.2472816901613,1.1022926192324519e-11,7.796928864927121e-11
7762.5,7370.0,45.0,38.0,-14.9,33.09907841359225,-94.2472816901613,1.1022926192324519e-11,7.796928864927121e-11
4036.5,10318.0,11.3,19.0,48.6,-33.09907841359225,94.2472816901613,1.1022926192324519e-11,7.796928864927121e-11
7762.5,23289.2,16.8,22.8,41.0,-33.09907841359225,94.24728169016113,1.1022926192324519e-11,7.796928864927121e-11
6003.0,6485.6,41.5,39.2,47.6,-33.09907841359225,94.2472816901613,1.1022926192324519e-11,7.796928864927121e-11
7555.5,8549.199999999999,16.6,44.8,48.7,-33.09907841359225,94.2472816901613,1.1022926192324519e-11,7.796928864927121e-11
6313.5,10907.6,8.200000000000001,20.0,26.1,-33.09907841359225,94.2472816901613,1.1022926192324519e-11,7.796928864927121e-11
7452.0,15329.6,43.7,24.8,22.7,-33.09907841359225,94.2472816901613,1.1022926192324519e-11,7.796928864927121e-11
7555.5,13266.0,12.700000000000001,19.4,23.9,-33.09907841359225,94.2472816901613,1.1022926192324519e-11,7.796928864927121e-11
7452.0,22404.8,16.9,37.2,-6.5,33.09907841359225,-94.24728169016113,1.1022926192324519e-11,7.796928864927121e-11
7244.999999999999,14740.0,20.0,45.7,-17.8,33.09907841359225,-94.2472816901613,1.1022926192324519e-11,7.796928864927121e-11
5071.5,22699.600000000002,31.400000000000002,39.3,43.4,-33.09907841359225,94.24728169016113,1.1022926192324519e-11,7.796928864927121e-11
2691.0,22699.600000000002,14.3,27.3,2.1,-33.09907841359225,94.24728169016113,1.1022926192324519e-11,7.796928864927121e-11
6831.0,14150.4,10.299999999999999,2.5,44.1,-33.09907841359225,94.2472816901613,1.1022926192324519e-11,7.796928864927121e-11
6210.0,7075.2,29.6,17.5,-24.2,33.09907841359225,-94.2472816901613,1.1022926192324519e-11,7.796928864927121e-11
6520.5,10612.8,33.1,15.0,-48.3,33.09907841359225,-94.2472816901613,1.1022926192324519e-11,7.796928864927121e-11
3933.0,12971.2,11.3,7.7,22.5,-33.09907841359225,94.2472816901613,1.1022926192324519e-11,7.796928864927121e-11
6520.5,10907.6,17.1,20.8,-36.4,33.09907841359225,-94.2472816901613,1.1022926192324519e-11,7.796928864927121e-11
3105.0,12971.2,43.6,11.4,48.2,-33.09907841359225,94.2472816901613,1.1022926192324519e-11,7.796928864927121e-11
3726.0,6485.6,35.7,9.9,6.2,-33.09907841359225,94.2472816901613,1.1022926192324519e-11,7.796928864927121e-11
3933.0,19751.600000000002,10.5,10.6,-34.7,33.09907841359225,-94.24728169016113,1.1022926192324519e-11,7.796928864927121e-11
2070.0,8254.400000000001,12.4,20.7,-0.1,9.92749976413108,-28.26785250808658,1.1022926192324519e-11,7.796928864927121e-11
5899.499999999999,15329.6,25.2,0.6,-8.8,33.09907841359225,-94.2472816901613,1.1022926192324519e-11,7.796928864927121e-11
7659.0,21225.6,15.3,36.2,46.2,-33.09907841359225,94.24728169016113,1.1022926192324519e-11,7.796928864927121e-11
2898.0000000000005,15624.400000000001,9.9,26.9,-6.4,33.09907841359225,-94.2472816901613,1.1022926192324519e-11,7.796928864927121e-11
2380.5,13560.800000000001,33.00000000000001,23.4,-43.8,33.09907841359225,-94.2472816901613,1.1022926192324519e-11,7.796928864927121e-11
3312.0,12381.6,38.5,9.7,34.3,-33.09907841359225,94.2472816901613,1.1022926192324519e-11,7.796928864927121e-11
5589.0,17393.2,13.0,15.6,-31.4,33.09907841359225,-94.24728169016113,1.1022926192324519e-11,7.796928864927121e-11
3415.5,23289.2,1.2,1.4,-22.9,33.09907841359225,-94.24728169016113,1.1022926192324519e-11,7.796928864927121e-11
7762.5,10023.2,8.5,2.1,11.4,-33.09907841359225,94.2472816901613,1.1022926192324519e-11,7.796928864927121e-11
6520.5,16508.800000000003,20.5,23.4,19.3,-33.09907841359225,94.24728169016113,1.1022926192324519e-11,7.796928864927121e-11
8073.0,11202.4,47.800000000000004,1.4,4.6,-33.09907841359225,94.2472816901613,1.1022926192324519e-11,7.796928864927121e-11
7038.000000000001,7959.6,7.6000000000000005,11.8,15.7,-33.09907841359225,94.2472816901613,1.1022926192324519e-11,7.796928864927121e-11
7762.5,12971.2,21.700000000000003,31.0,4.3,-33.09907841359225,94.2472816901613,1.1022926192324519e-11,7.796928864927121e-11
6417.0,23289.2,36.8,2.6,10.6,-33.09907841359225,94.24728169016113,1.1022926192324519e-11,7.796928864927121e-11
5278.5,20636.0,21.200000000000003,13.3,-22.5,33.09907841359225,-94.24728169016113,1.1022926192324519e-11,7.796928864927121e-11
4761.0,17982.8,27.200000000000003,7.1,15.0,-33.09907841359225,94.24728169016113,1.1022926192324519e-11,7.796928864927121e-11
5589.0,9728.4,14.2,3.7,4.6,-33.09907841359225,94.2472816901613,1.1022926192324519e-11,7.796928864927121e-11
8280.0,15034.800000000001,9.1,31.4,-14.3,33.09907841359225,-94.2472816901613,1.1022926192324519e-11,7.796928864927121e-11
3312.0,8844.0,5.0,30.1,-24.6,33.09907841359225,-94.2472816901613,1.1022926192324519e-11,7.796928864927121e-11
4657.5,6190.8,18.6,15.5,-23.0,33.09907841359225,-94.2472816901613,1.1022926192324519e-11,7.796928864927121e-11
3829.5,12381.6,8.600000000000001,40.9,2.1,-33.09907841359225,94.2472816901613,1.1022926192324519e-11,7.796928864927121e-11
2898.0000000000005,17098.399999999998,6.3,26.3,-45.6,33.09907841359225,-94.2472816901613,1.1022926192324519e-11,7.796928864927121e-11
5382.0,11202.4,7.8999999999999995,11.8,-21.3,33.09907841359225,-94.2472816901613,1.1022926192324519e-11,7.796928864927121e-11
4761.0,12971.2,2.8000000000000003,40.1,49.9,-33.09907841359225,94.2472816901613,1.1022926192324519e-11,7.796928864927121e-11
7141.499999999999,6485.6,19.8,16.0,-21.9,33.09907841359225,-94.2472816901613,1.1022926192324519e-11,7.796928864927121e-11
5796.000000000001,18867.2,13.3,17.4,2.3,-33.09907841359225,94.24728169016113,1.1022926192324519e-11,7.796928864927121e-11
2898.0000000000005,15329.6,46.900000000000006,39.9,-43.3,33.09907841359225,-94.2472816901613,1.1022926192324519e-11,7.796928864927121e-11
4243.5,21520.399999999998,5.1000000000000005,43.6,-10.3,33.09907841359225,-94.24728169016113,1.1022926192324519e-11,7.796928864927121e-11
7969.5,13266.0,46.7,27.2,6.2,-33.09907841359225,94.2472816901613,1.1022926192324519e-11,7.796928864927121e-11
3829.5,20930.8,46.0,7.8,-19.1,33.09907841359225,-94.24728169016113,1.1022926192324519e-11,7.796928864927121e-11
5692.500000000001,22110.0,24.6,5.8,-32.1,33.09907841359225,-94.24728169016113,1.1022926192324519e-11,7.796928864927121e-11
7452.0,14445.199999999999,0.1,11.1,35.6,-33.09907841359225,94.2472816901613,1.1022926192324519e-11,7.796928864927121e-11
7555.5,6485.6,42.6,49.9,-1.3,33.09907841359225,-94.2472816901613,1.1022926192324519e-11,7.796928864927121e-11
5278.5,16508.800000000003,24.6,22.3,-21.2,33.09907841359225,-94.2472816901613,1.1022926192324519e-11,7.796928864927121e-11
7866.0,22699.600000000002,24.300000000000004,13.5,43.0,-33.09907841359225,94.24728169016113,1.1022926192324519e-11,7.796928864927121e-11
5382.0,14740.0,27.0,25.1,-15.3,33.09907841359225,-94.2472816901613,1.1022926192324519e-11,7.796928864927121e-11
6210.0,21520.399999999998,18.5,48.5,-15.4,33.09907841359225,-94.24728169016113,1.1022926192324519e-11,7.796928864927121e-11
2380.5,15919.2,15.399999999999999,5.1,-24.5,33.09907841359225,-94.2472816901613,1.1022926192324519e-11,7.796928864927121e-11
4554.0,12086.8,33.5,7.4,13.3,-33.09907841359225,94.2472816901613,1.1022926192324519e-11,7.796928864927121e-11
7452.0,21225.6,2.0,25.2,-23.7,33.09907841359225,-94.24728169016113,1.1022926192324519e-11,7.796928864927121e-11
4657.5,15329.6,12.9,8.1,21.6,-33.09907841359225,94.2472816901613,1.1022926192324519e-11,7.796928864927121e-11
2587.5,8549.199999999999,14.4,7.5,-10.0,33.09907841359225,-94.2472816901613,1.1022926192324519e-11,7.796928864927121e-11
6831.0,18277.6,35.7,7.8,-7.4,33.09907841359225,-94.24728169016113,1.1022926192324519e-11,7.796928864927121e-11
6831.0,17098.399999999998,40.0,36.4,12.5,-33.09907841359225,94.24728169016113,1.1022926192324519e-11,7.796928864927121e-11
4657.5,21815.2,1.8,41.5,7.0,-33.09907841359225,94.24728169016113,1.1022926192324519e-11,7.796928864927121e-11
8280.0,20341.199999999997,28.6,45.5,-13.7,33.09907841359225,-94.24728169016113,1.1022926192324519e-11,7.796928864927121e-11
6210.0,18572.4,49.300000000000004,3.4,17.7,-33.09907841359225,94.24728169016113,1.1022926192324519e-11,7.796928864927121e-11
6624.0,6485.6,6.9,34.5,21.1,-33.09907841359225,94.2472816901613,1.1022926192324519e-11,7.796928864927121e-11
5899.499999999999,14740.0,47.6,49.9,29.3,-33.09907841359225,94.2472816901613,1.1022926192324519e-11,7.796928864927121e-11
6520.5,10023.2,29.6,16.7,-40.1,33.09907841359225,-94.2472816901613,1.1022926192324519e-11,7.796928864927121e-11
5796.000000000001,7959.6,39.1,12.2,-47.2,33.09907841359225,-94.2472816901613,1.1022926192324519e-11,7.796928864927121e-11
7866.0,12086.8,24.300000000000004,31.2,-30.0,33.09907841359225,-94.2472816901613,1.1022926192324519e-11,7.796928864927121e-11
4243.5,19456.8,23.599999999999998,18.0,13.4,-33.09907841359225,94.24728169016113,1.1022926192324519e-11,7.796928864927121e-11
4140.0,10907.6,4.6,32.1,-40.1,33.09907841359225,-94.2472816901613,1.1022926192324519e-11,7.796928864927121e-11
3001.5,21815.2,14.1,43.6,-12.3,33.09907841359225,-94.24728169016113,1.1022926192324519e-11,7.796928864927121e-11
7866.0,23289.2,49.5,4.1,28.6,-33.09907841359225,94.24728169016113,1.1022926192324519e-11,7.796928864927121e-11
7348.5,22994.4,14.5,35.2,29.6,-33.09907841359225,94.24728169016113,1.1022926192324519e-11,7.796928864927121e-11
5278.5,19162.0,31.500000000000004,11.5,-48.7,33.09907841359225,-94.24728169016113,1.1022926192324519e-11,7.796928864927121e-11
3622.4999999999995,19751.600000000002,10.7,34.0,-15.7,33.09907841359225,-94.24728169016113,1.1022926192324519e-11,7.796928864927121e-11
4450.5,17098.399999999998,6.0,13.6,42.5,-33.09907841359225,94.24728169016113,1.1022926192324519e-11,7.796928864927121e-11
3622.4999999999995,18277.6,27.7,18.6,19.3,-33.09907841359225,94.24728169016113,1.1022926192324519e-11,7.796928864927121e-11
3829.5,16508.800000000003,45.8,36.6,-13.0,33.09907841359225,-94.2472816901613,1.1022926192324519e-11,7.796928864927121e-11
7348.5,18277.6,42.1,44.6,10.8,-33.09907841359225,94.24728169016113,1.1022926192324519e-11,7.796928864927121e-11
2173.5,16803.6,17.4,28.9,12.3,-33.09907841359225,94.24728169016113,1.1022926192324519e-11,7.796928864927121e-11
3829.5,8844.0,5.300000000000001,17.6,-27.8,33.09907841359225,-94.2472816901613,1.1022926192324519e-11,7.796928864927121e-11
7141.499999999999,14150.4,35.3,24.3,-49.6,33.09907841359225,-94.2472816901613,1.1022926192324519e-11,7.796928864927121e-11
7762.5,17688.0,10.200000000000001,49.8,-48.9,33.09907841359225,-94.24728169016113,1.1022926192324519e-11,7.796928864927121e-11
3415.5,8549.199999999999,34.0,14.0,15.4,-33.09907841359225,94.2472816901613,1.1022926192324519e-11,7.796928864927121e-11
3726.0,19456.8,35.5,2.2,-0.2,20.311042773173824,-57.83425585886265,1.1022926192324519e-11,7.796928864927121e-11
2173.5,10612.8,15.200000000000001,40.4,29.6,-33.09907841359225,94.2472816901613,1.1022926192324519e-11,7.796928864927121e-11
7866.0,17982.8,13.600000000000001,15.1,-32.2,33.09907841359225,-94.24728169016113,1.1022926192324519e-11,7.796928864927121e-11
3622.4999999999995,23289.2,28.700000000000003,6.0,-29.1,33.09907841359225,-94.24728169016113,1.1022926192324519e-11,7.796928864927121e-11
3726.0,15624.400000000001,26.6,38.4,-45.7,33.09907841359225,-94.2472816901613,1.1022926192324519e-11,7.796928864927121e-11
7244.999999999999,11497.2,33.8,32.2,11.1,-33.09907841359225,94.2472816901613,1.1022926192324519e-11,7.796928864927121e-11
2070.0,8549.199999999999,5.500000000000001,46.1,38.8,-33.09907841359225,94.2472816901613,1.1022926192324519e-11,7.796928864927121e-11
3519.0000000000005,8549.199999999999,19.400000000000002,13.9,-7.0,33.09907841359225,-94.2472816901613,1.1022926192324519e-11,7.796928864927121e-11
5071.5,16214.000000000002,44.4,6.4,43.7,-33.09907841359225,94.2472816901613,1.1022926192324519e-11,7.796928864927121e-11
5278.5,22110.0,40.6,10.0,46.1,-33.09907841359225,94.24728169016113,1.1022926192324519e-11,7.796928864927121e-11
3415.5,7959.6,10.600000000000001,35.6,1.1,-33.09907841359225,94.2472816901613,1.1022926192324519e-11,7.796928864927121e-11
5175.0,22110.0,26.3,18.4,-35.7,33.09907841359225,-94.24728169016113,1.1022926192324519e-11,7.796928864927121e-11
7452.0,19751.600000000002,32.6,12.9,8.6,-33.09907841359225,94.24728169016113,1.1022926192324519e-11,7.796928864927121e-11
5071.5,20046.4,3.4000000000000004,36.0,-27.8,33.09907841359225,-94.24728169016113,1.1022926192324519e-11,7.796928864927121e-11
2898.0000000000005,6780.400000000001,44.5,16.8,-4.7,33.09907841359225,-94.2472816901613,1.1022926192324519e-11,7.796928864927121e-11
7452.0,12676.4,14.3,40.8,12.0,-33.09907841359225,94.2472816901613,1.1022926192324519e-11,7.796928864927121e-11
6417.0,16214.000000000002,17.6,28.2,-16.4,33.09907841359225,-94.2472816901613,1.1022926192324519e-11,7.796928864927121e-11
2898.0000000000005,6780.400000000001,13.3,27.2,-48.2,33.09907841359225,-94.2472816901613,1.1022926192324519e-11,7.796928864927121e-11
2277.0,7370.0,24.1,31.9,-11.9,33.09907841359225,-94.2472816901613,1.1022926192324519e-11,7.796928864927121e-11
2794.5,16214.000000000002,12.6,8.6,1.9,-33.09907841359225,94.2472816901613,1.1022926192324519e-11,7.796928864927121e-11
5899.499999999999,11792.0,7.000000000000001,48.7,-3.2,33.09907841359225,-94.2472816901613,1.1022926192324519e-11,7.796928864927121e-11
3415.5,20046.4,13.200000000000001,34.6,-8.6,33.09907841359225,-94.24728169016113,1.1022926192324519e-11,7.796928864927121e-11
3208.5,21225.6,18.0,49.2,38.9,-33.09907841359225,94.24728169016113,1.1022926192324519e-11,7.796928864927121e-11
2794.5,8549.199999999999,14.5,20.1,-40.7,33.09907841359225,-94.2472816901613,1.1022926192324519e-11,7.796928864927121e-11
7659.0,12971.2,20.8,6.0,24.6,-33.09907841359225,94.2472816901613,1.1022926192324519e-11,7.796928864927121e-11
6831.0,16214.000000000002,30.2,4.8,0.9,-33.09907841359225,94.2472816901613,1.1022926192324519e-11,7.796928864927121e-11
3312.0,8254.400000000001,40.0,30.0,-19.0,33.09907841359225,-94.2472816901613,1.1022926192324519e-11,7.796928864927121e-11
2691.0,12086.8,11.1,36.3,-15.1,33.09907841359225,-94.2472816901613,1.1022926192324519e-11,7.796928864927121e-11
2277.0,18277.6,43.300000000000004,29.7,-3.4,33.09907841359225,-94.24728169016113,1.1022926192324519e-11,7.796928864927121e-11
7038.000000000001,6780.400000000001,9.1,23.6,-39.8,33.09907841359225,-94.2472816901613,1.1022926192324519e-11,7.796928864927121e-11
5692.500000000001,8549.199999999999,2.7,42.1,-7.8,33.09907841359225,-94.2472816901613,1.1022926192324519e-11,7.796928864927121e-11
4140.0,7075.2,5.4,44.3,-8.0,33.09907841359225,-94.2472816901613,1.1022926192324519e-11,7.796928864927121e-11
7452.0,14150.4,31.3,31.4,16.4,-33.09907841359225,94.2472816901613,1.1022926192324519e-11,7.796928864927121e-11
6417.0,9138.8,17.6,28.3,-18.1,33.09907841359225,-94.2472816901613,1.1022926192324519e-11,7.796928864927121e-11
8176.5,15919.2,21.3,15.1,32.3,-33.09907841359225,94.24728169016113,1.1022926192324519e-11,7.796928864927121e-11
5071.5,7959.6,49.2,49.9,-12.1,33.09907841359225,-94.2472816901613,1.1022926192324519e-11,7.796928864927121e-11
3208.5,17098.399999999998,40.2,31.9,-2.1,33.09907841359225,-94.2472816901613,1.1022926192324519e-11,7.796928864927121e-11
2587.5,12086.8,15.799999999999999,19.8,13.2,-33.09907841359225,94.2472816901613,1.1022926192324519e-11,7.796928864927121e-11
5692.500000000001,6190.8,3.9000000000000004,3.2,18.5,-33.09907841359225,94.2472816901613,1.1022926192324519e-11,7.796928864927121e-11
5278.5,9433.6,13.0,14.8,-16.6,33.09907841359225,-94.2472816901613,1.1022926192324519e-11,7.796928864927121e-11
6106.5,17688.0,39.9,12.9,29.4,-33.09907841359225,94.24728169016113,1.1022926192324519e-11,7.796928864927121e-11
4968.0,19162.0,10.0,7.5,3.7,-33.09907841359225,94.24728169016113,1.1022926192324519e-11,7.796928864927121e-11
4554.0,16508.800000000003,28.000000000000004,49.2,-1.3,33.09907841359225,-94.2472816901613,1.1022926192324519e-11,7.796928864927121e-11
4140.0,21520.399999999998,5.300000000000001,48.0,-49.7,33.09907841359225,-94.24728169016113,1.1022926192324519e-11,7.796928864927121e-11
2380.5,18277.6,15.9,36.8,-28.6,33.09907841359225,-94.24728169016113,1.1022926192324519e-11,7.796928864927121e-11
2277.0,19162.0,47.5,12.3,-10.4,33.09907841359225,-94.24728169016113,1.1022926192324519e-11,7.796928864927121e-11
8073.0,10318.0,18.3,4.8,-5.1,33.09907841359225,-94.2472816901613,1.1022926192324519e-11,7.796928864927121e-11
3001.5,18572.4,48.1,28.1,-5.2,33.09907841359225,-94.24728169016113,1.1022926192324519e-11,7.796928864927121e-11
3519.0000000000005,5896.0,37.2,39.4,-17.6,33.09907841359225,-94.2472816901613,1.1022926192324519e-11,7.796928864927121e-11
3726.0,5896.0,15.1,28.2,-36.5,33.09907841359225,-94.2472816901613,1.1022926192324519e-11,7.796928864927121e-11
2587.5,15624.400000000001,47.1,40.6,-6.8,33.09907841359225,-94.2472816901613,1.1022926192324519e-11,7.796928864927121e-11
2380.5,20636.0,23.0,15.6,-10.8,33.09907841359225,-94.24728169016113,1.1022926192324519e-11,7.796928864927121e-11
5382.0,23289.2,21.3,28.0,23.7,-33.09907841359225,94.24728169016113,1.1022926192324519e-11,7.796928864927121e-11
4554.0,17688.0,39.8,17.0,1.8,-33.09907841359225,94.24728169016113,1.1022926192324519e-11,7.796928864927121e-11
5278.5,11792.0,24.900000000000002,31.0,26.2,-33.09907841359225,94.2472816901613,1.1022926192324519e-11,7.796928864927121e-11
5278.5,9728.4,44.199999999999996,3.5,-16.9,33.09907841359225,-94.2472816901613,1.1022926192324519e-11,7.796928864927121e-11
3312.0,10907.6,13.600000000000001,38.7,-31.3,33.09907841359225,-94.2472816901613,1.1022926192324519e-11,7.796928864927121e-11
7659.0,21815.2,12.3,30.6,-13.2,33.09907841359225,-94.24728169016113,1.1022926192324519e-11,7.796928864927121e-11
2587.5,12971.2,16.7,40.6,-7.0,33.09907841359225,-94.2472816901613,1.1022926192324519e-11,7.796928864927121e-11
3415.5,15034.800000000001,14.4,17.0,12.7,-33.09907841359225,94.2472816901613,1.1022926192324519e-11,7.796928864927121e-11
6210.0,10907.6,30.2,34.4,15.6,-33.09907841359225,94.2472816901613,1.1022926192324519e-11,7.796928864927121e-11
6727.5,8844.0,34.300000000000004,5.7,-25.2,33.09907841359225,-94.2472816901613,1.1022926192324519e-11,7.796928864927121e-11
8280.0,6190.8,43.2,32.9,-25.5,33.09907841359225,-94.2472816901613,1.1022926192324519e-11,7.796928864927121e-11
2484.0,10907.6,31.500000000000004,5.5,12.4,-33.09907841359225,94.2472816901613,1.1022926192324519e-11,7.796928864927121e-11
4347.0,13855.599999999999,27.1,39.0,35.0,-33.09907841359225,94.2472816901613,1.1022926192324519e-11,7.796928864927121e-11
8176.5,10907.6,7.500000000000001,1.9,3.5,-33.09907841359225,94.2472816901613,1.1022926192324519e-11,7.796928864927121e-11
3105.0,13855.599999999999,4.1000000000000005,3.6,-8.3,33.09907841359225,-94.2472816901613,1.1022926192324519e-11,7.796928864927121e-11
3208.5,22404.8,41.0,25.5,-8.8,33.09907841359225,-94.24728169016113,1.1022926192324519e-11,7.796928864927121e-11
6520.5,19456.8,14.000000000000002,48.0,-42.0,33.09907841359225,-94.24728169016113,1.1022926192324519e-11,7.796928864927121e-11
4036.5,16214.000000000002,30.3,47.4,8.0,-33.09907841359225,94.2472816901613,1.1022926192324519e-11,7.796928864927121e-11
2484.0,19751.600000000002,12.500000000000002,14.4,0.8,-33.09907841359225,94.24728169016113,1.1022926192324519e-11,7.796928864927121e-11
5175.0,19162.0,3.3000000000000003,17.0,21.8,-33.09907841359225,94.24728169016113,1.1022926192324519e-11,7.796928864927121e-11
5071.5,13855.599999999999,4.2,44.3,4.4,-33.09907841359225,94.2472816901613,1.1022926192324519e-11,7.796928864927121e-11
5692.500000000001,7959.6,48.7,41.4,-34.1,33.09907841359225,-94.2472816901613,1.1022926192324519e-11,7.796928864927121e-11
2587.5,12971.2,8.5,0.3,-30.0,33.09907841359225,-94.2472816901613,1.1022926192324519e-11,7.796928864927121e-11
8073.0,8549.199999999999,19.7,42.5,-13.3,33.09907841359225,-94.2472816901613,1.1022926192324519e-11,7.796928864927121e-11
7141.499999999999,7959.6,25.9,12.0,44.4,-33.09907841359225,94.2472816901613,1.1022926192324519e-11,7.796928864927121e-11
2794.5,14150.4,49.1,39.2,-36.7,33.09907841359225,-94.2472816901613,1.1022926192324519e-11,7.796928864927121e-11
7659.0,13855.599999999999,30.000000000000004,40.9,-18.2,33.09907841359225,-94.2472816901613,1.1022926192324519e-11,7.796928864927121e-11
3105.0,20341.199999999997,29.700000000000003,23.5,19.0,-33.09907841359225,94.24728169016113,1.1022926192324519e-11,7.796928864927121e-11
5382.0,14445.199999999999,2.8000000000000003,23.1,-13.6,33.09907841359225,-94.2472816901613,1.1022926192324519e-11,7.796928864927121e-11
2898.0000000000005,22994.4,14.700000000000001,49.8,-2.4,33.09907841359225,-94.24728169016113,1.1022926192324519e-11,7.796928864927121e-11
6106.5,11202.4,39.300000000000004,10.5,24.9,-33.09907841359225,94.2472816901613,1.1022926192324519e-11,7.796928864927121e-11
7452.0,10907.6,48.50000000000001,2.3,-27.7,33.09907841359225,-94.2472816901613,1.1022926192324519e-11,7.796928864927121e-11
5071.5,20046.4,35.3,11.8,-25.3,33.09907841359225,-94.24728169016113,1.1022926192324519e-11,7.796928864927121e-11
6210.0,12676.4,27.6,48.0,-48.4,33.09907841359225,-94.2472816901613,1.1022926192324519e-11,7.796928864927121e-11
2794.5,22110.0,45.8,25.7,40.9,-33.09907841359225,94.24728169016113,1.1022926192324519e-11,7.796928864927121e-11
6520.5,9433.6,0.3,0.5,-26.5,33.09907841359225,-94.2472816901613,1.1022926192324519e-11,7.796928864927121e-11
6210.0,19751.600000000002,35.5,2.8,49.1,-33.09907841359225,94.24728169016113,1.1022926192324519e-11,7.796928864927121e-11
7762.5,11202.4,28.3,4.8,-20.5,33.09907841359225,-94.2472816901613,1.1022926192324519e-11,7.796928864927121e-11
2587.5,21225.6,36.9,34.5,-46.4,33.09907841359225,-94.24728169016113,1.1022926192324519e-11,7.796928864927121e-11
6003.0,14445.199999999999,25.000000000000004,1.3,1.2,-33.09907841359225,94.2472816901613,1.1022926192324519e-11,7.796928864927121e-11
5899.499999999999,14445.199999999999,2.0,28.7,-2.6,33.09907841359225,-94.2472816901613,1.1022926192324519e-11,7.796928864927121e-11
8176.5,20046.4,23.900000000000002,39.5,-29.3,33.09907841359225,-94.24728169016113,1.1022926192324519e-11,7.796928864927121e-11
4140.0,19162.0,35.900000000000006,7.5,-43.9,33.09907841359225,-94.24728169016113,1.1022926192324519e-11,7.796928864927121e-11
7866.0,18572.4,12.0,13.2,47.1,-33.09907841359225,94.24728169016113,1.1022926192324519e-11,7.796928864927121e-11
2484.0,22110.0,13.3,26.1,24.1,-33.09907841359225,94.24728169016113,1.1022926192324519e-11,7.796928864927121e-11
5796.000000000001,12676.4,49.900000000000006,42.8,16.4,-33.09907841359225,94.2472816901613,1.1022926192324519e-11,7.796928864927121e-11
4243.5,21520.399999999998,22.3,6.9,-26.4,33.09907841359225,-94.24728169016113,1.1022926192324519e-11,7.796928864927121e-11
6106.5,17393.2,36.5,41.3,-41.8,33.09907841359225,-94.24728169016113,1.1022926192324519e-11,7.796928864927121e-11
5899.499999999999,13855.599999999999,35.2,15.8,-15.4,33.09907841359225,-94.2472816901613,1.1022926192324519e-11,7.796928864927121e-11
3622.4999999999995,14740.0,15.1,34.3,1.3,-33.09907841359225,94.2472816901613,1.1022926192324519e-11,7.796928864927121e-11
8176.5,23584.0,40.400000000000006,45.6,33.2,-33.09907841359225,94.24728169016113,1.1022926192324519e-11,7.796928864927121e-11
4761.0,12676.4,48.1,22.0,-25.8,33.09907841359225,-94.2472816901613,1.1022926192324519e-11,7.796928864927121e-11
7866.0,9728.4,15.200000000000001,33.1,21.2,-33.09907841359225,94.2472816901613,1.1022926192324519e-11,7.796928864927121e-11
5071.5,6190.8,14.8,26.4,4.5,-33.09907841359225,94.2472816901613,1.1022926192324519e-11,7.796928864927121e-11
6727.5,9138.8,44.4,43.1,-37.6,33.09907841359225,-94.2472816901613,1.1022926192324519e-11,7.796928864927121e-11
2484.0,20930.8,41.900000000000006,37.4,1.2,-33.09907841359225,94.24728169016113,1.1022926192324519e-11,7.796928864927121e-11
4347.0,18277.6,33.00000000000001,13.5,-45.6,33.09907841359225,-94.24728169016113,1.1022926192324519e-11,7.796928864927121e-11
4140.0,14150.4,12.2,21.6,6.6,-33.09907841359225,94.2472816901613,1.1022926192324519e-11,7.796928864927121e-11
2277.0,22110.0,33.4,15.1,-38.6,33.09907841359225,-94.24728169016113,1.1022926192324519e-11,7.796928864927121e-11
5589.0,20046.4,32.0,32.2,25.7,-33.09907841359225,94.24728169016113,1.1022926192324519e-11,7.796928864927121e-11
3415.5,15624.400000000001,5.7,27.6,29.5,-33.09907841359225,94.24728169016113,1.1022926192324519e-11,7.796928864927121e-11
3312.0,12086.8,35.6,38.2,-14.3,33.09907841359225,-94.2472816901613,1.1022926192324519e-11,7.796928864927121e-11
5071.5,9433.6,8.3,38.4,16.5,-33.09907841359225,94.2472816901613,1.1022926192324519e-11,7.796928864927121e-11
3726.0,7075.2,15.200000000000001,0.8,22.5,-33.09907841359225,94.2472816901613,1.1022926192324519e-11,7.796928864927121e-11
6831.0,10612.8,17.3,35.4,-5.0,33.09907841359225,-94.2472816901613,1.1022926192324519e-11,7.796928864927121e-11
2484.0,6485.6,31.400000000000002,4.1,20.5,-33.09907841359225,94.2472816901613,1.1022926192324519e-11,7.796928864927121e-11
3829.5,11202.4,0.0,3.0,16.9,-33.09907841359225,94.2472816901613,1.1022926192324519e-11,7.796928864927121e-11
2380.5,9728.4,32.0,5.5,6.5,-33.09907841359225,94.2472816901613,1.1022926192324519e-11,7.796928864927121e-11
5382.0,12086.8,21.5,2.4,-40.8,33.09907841359225,-94.2472816901613,1.1022926192324519e-11,7.796928864927121e-11
2380.5,6780.400000000001,22.5,17.6,11.9,-33.09907841359225,94.2472816901613,1.1022926192324519e-11,7.796928864927121e-11
4761.0,13266.0,21.6,6.3,-20.0,33.09907841359225,-94.2472816901613,1.1022926192324519e-11,7.796928864927121e-11
7141.499999999999,19162.0,12.2,0.2,27.2,-33.09907841359225,94.24728169016113,1.1022926192324519e-11,7.796928864927121e-11
7244.999999999999,16508.800000000003,26.3,30.0,-46.6,33.09907841359225,-94.2472816901613,1.1022926192324519e-11,7.796928864927121e-11
7141.499999999999,13560.800000000001,7.1,8.2,-4.2,33.09907841359225,-94.2472816901613,1.1022926192324519e-11,7.796928864927121e-11
4864.5,20636.0,28.700000000000003,8.5,-45.7,33.09907841359225,-94.24728169016113,1.1022926192324519e-11,7.796928864927121e-11
5692.500000000001,14740.0,48.50000000000001,47.6,12.6,-33.09907841359225,94.2472816901613,1.1022926192324519e-11,7.796928864927121e-11
3622.4999999999995,10023.2,13.9,9.3,-20.9,33.09907841359225,-94.2472816901613,1.1022926192324519e-11,7.796928864927121e-11
7969.5,17098.399999999998,2.4,33.4,-1.1,33.09907841359225,-94.2472816901613,1.1022926192324519e-11,7.796928864927121e-11
2484.0,15329.6,13.8,37.6,-26.6,33.09907841359225,-94.2472816901613,1.1022926192324519e-11,7.796928864927121e-11
3415.5,21520.399999999998,24.1,14.0,-10.4,33.09907841359225,-94.24728169016113,1.1022926192324519e-11,7.796928864927121e-11
8073.0,10612.8,22.700000000000003,4.0,-42.8,33.09907841359225,-94.2472816901613,1.1022926192324519e-11,7.796928864927121e-11
7659.0,22994.4,3.0,46.7,37.9,-33.09907841359225,94.24728169016113,1.1022926192324519e-11,7.796928864927121e-11
5796.000000000001,19162.0,35.0,26.4,-11.1,33.09907841359225,-94.24728169016113,1.1022926192324519e-11,7.796928864927121e-11
5071.5,11792.0,33.9,6.7,20.5,-33.09907841359225,94.2472816901613,1.1022926192324519e-11,7.796928864927121e-11
2070.0,11497.2,25.3,20.5,-34.8,33.09907841359225,-94.2472816901613,1.1022926192324519e-11,7.796928864927121e-11
4554.0,21225.6,14.000000000000002,23.5,7.3,-33.09907841359225,94.24728169016113,1.1022926192324519e-11,7.796928864927121e-11
3519.0000000000005,13560.800000000001,28.4,25.8,-25.5,33.09907841359225,-94.2472816901613,1.1022926192324519e-11,7.796928864927121e-11
4968.0,13560.800000000001,40.2,5.0,5.7,-33.09907841359225,94.2472816901613,1.1022926192324519e-11,7.796928864927121e-11
2277.0,11497.2,29.6,1.3,-46.7,33.09907841359225,-94.2472816901613,1.1022926192324519e-11,7.796928864927121e-11
7348.5,18572.4,46.7,9.6,23.1,-33.09907841359225,94.24728169016113,1.1022926192324519e-11,7.796928864927121e-11
4347.0,14740.0,42.5,28.4,-46.4,33.09907841359225,-94.2472816901613,1.1022926192324519e-11,7.796928864927121e-11
2380.5,23584.0,8.8,17.0,12.2,-33.09907841359225,94.24728169016113,1.1022926192324519e-11,7.796928864927121e-11
2898.0000000000005,7370.0,34.8,34.7,-10.1,33.09907841359225,-94.2472816901613,1.1022926192324519e-11,7.796928864927121e-11
4243.5,9138.8,42.300000000000004,2.3,48.4,-33.09907841359225,94.2472816901613,1.1022926192324519e-11,7.796928864927121e-11
4450.5,11792.0,32.3,6.6,1.1,-33.09907841359225,94.2472816901613,1.1022926192324519e-11,7.796928864927121e-11
6934.5,20046.4,29.700000000000003,39.2,45.0,-33.09907841359225,94.24728169016113,1.1022926192324519e-11,7.796928864927121e-11
6831.0,13855.599999999999,11.5,4.0,-50.0,33.09907841359225,-94.2472816901613,1.1022926192324519e-11,7.796928864927121e-11
4554.0,15034.800000000001,9.4,27.3,-3.0,33.09907841359225,-94.2472816901613,1.1022926192324519e-11,7.796928864927121e-11
7141.499999999999,7664.8,30.3,6.6,30.1,-33.09907841359225,94.24728169016122,1.1022926192324519e-11,7.796928864927121e-11
6831.0,10612.8,38.900000000000006,24.0,-32.9,33.09907841359225,-94.2472816901613,1.1022926192324519e-11,7.796928864927121e-11
6417.0,14740.0,13.700000000000001,42.6,24.9,-33.09907841359225,94.2472816901613,1.1022926192324519e-11,7.796928864927121e-11
7866.0,17393.2,27.1,21.4,10.7,-33.09907841359225,94.24728169016113,1.1022926192324519e-11,7.796928864927121e-11
4864.5,9728.4,18.4,7.7,-39.4,33.09907841359225,-94.2472816901613,1.1022926192324519e-11,7.796928864927121e-11
7141.499999999999,10612.8,39.5,12.1,1.0,-33.09907841359225,94.2472816901613,1.1022926192324519e-11,7.796928864927121e-11
4450.5,22404.8,15.5,14.1,1.1,-33.09907841359225,94.24728169016113,1.1022926192324519e-11,7.796928864927121e-11
2380.5,15919.2,15.700000000000001,22.7,-15.8,33.09907841359225,-94.2472816901613,1.1022926192324519e-11,7.796928864927121e-11
3622.4999999999995,9728.4,37.1,6.0,29.7,-33.09907841359225,94.2472816901613,1.1022926192324519e-11,7.796928864927121e-11
6003.0,7075.2,37.9,16.7,34.6,-33.09907841359225,94.2472816901613,1.1022926192324519e-11,7.796928864927121e-11
2380.5,6485.6,10.4,20.9,-8.4,33.09907841359225,-94.2472816901613,1.1022926192324519e-11,7.796928864927121e-11
6934.5,16803.6,38.7,30.4,16.0,-33.09907841359225,94.24728169016113,1.1022926192324519e-11,7.796928864927121e-11
2380.5,19751.600000000002,10.4,36.0,45.1,-33.09907841359225,94.24728169016113,1.1022926192324519e-11,7.796928864927121e-11
7866.0,20046.4,8.1,21.3,-3.2,33.09907841359225,-94.24728169016113,1.1022926192324519e-11,7.796928864927121e-11
7555.5,21815.2,26.9,31.0,25.3,-33.09907841359225,94.24728169016113,1.1022926192324519e-11,7.796928864927121e-11
6313.5,20341.199999999997,26.500000000000004,2.4,-18.5,33.09907841359225,-94.24728169016113,1.1022926192324519e-11,7.796928864927121e-11
7762.5,10612.8,21.0,4.5,-37.7,33.09907841359225,-94.2472816901613,1.1022926192324519e-11,7.796928864927121e-11
7969.5,11202.4,5.300000000000001,15.7,8.2,-33.09907841359225,94.2472816901613,1.1022926192324519e-11,7.796928864927121e-11
2691.0,8549.199999999999,7.699999999999999,40.4,30.0,-33.09907841359225,94.2472816901613,1.1022926192324519e-11,7.796928864927121e-11
2173.5,17982.8,42.9,39.2,-31.8,33.09907841359225,-94.24728169016113,1.1022926192324519e-11,7.796928864927121e-11
4968.0,12381.6,39.5,20.6,15.8,-33.09907841359225,94.2472816901613,1.1022926192324519e-11,7.796928864927121e-11
4761.0,18867.2,11.000000000000002,10.8,24.4,-33.09907841359225,94.24728169016113,1.1022926192324519e-11,7.796928864927121e-11
3415.5,12086.8,44.6,33.3,-32.0,33.09907841359225,-94.2472816901613,1.1022926192324519e-11,7.796928864927121e-11
6106.5,6780.400000000001,41.6,8.6,26.9,-33.09907841359225,94.2472816901613,1.1022926192324519e-11,7.796928864927121e-11
6831.0,14445.199999999999,19.2,5.6,-42.8,33.09907841359225,-94.2472816901613,1.1022926192324519e-11,7.796928864927121e-11
2173.5,22404.8,48.7,13.1,27.7,-33.09907841359225,94.24728169016113,1.1022926192324519e-11,7.796928864927121e-11
7555.5,8254.400000000001,25.000000000000004,9.6,4.6,-33.09907841359225,94.2472816901613,1.1022926192324519e-11,7.796928864927121e-11
3208.5,7959.6,26.7,48.5,-21.3,33.09907841359225,-94.2472816901613,1.1022926192324519e-11,7.796928864927121e-11
6624.0,10023.2,40.5,5.9,28.1,-33.09907841359225,94.2472816901613,1.1022926192324519e-11,7.796928864927121e-11
5899.499999999999,7370.0,45.50000000000001,15.5,16.1,-33.09907841359225,94.2472816901613,1.1022926192324519e-11,7.796928864927121e-11
7141.499999999999,16803.6,0.4,44.4,26.3,-33.09907841359225,94.24728169016113,1.1022926192324519e-11,7.796928864927121e-11
4347.0,11792.0,14.5,21.3,28.0,-33.09907841359225,94.2472816901613,1.1022926192324519e-11,7.796928864927121e-11
5899.499999999999,7075.2,27.900000000000002,42.0,-23.1,33.09907841359225,-94.2472816901613,1.1022926192324519e-11,7.796928864927121e-11
7762.5,14150.4,49.7,43.9,-38.2,33.09907841359225,-94.2472816901613,1.1022926192324519e-11,7.796928864927121e-11
3208.5,15919.2,21.5,9.0,44.0,-33.09907841359225,94.24728169016113,1.1022926192324519e-11,7.796928864927121e-11
6313.5,8549.199999999999,41.5,46.4,18.0,-33.09907841359225,94.2472816901613,1.1022926192324519e-11,7.796928864927121e-11
3312.0,10318.0,19.7,15.9,42.9,-33.09907841359225,94.2472816901613,1.1022926192324519e-11,7.796928864927121e-11
5071.5,10318.0,37.800000000000004,42.8,-36.3,33.09907841359225,-94.2472816901613,1.1022926192324519e-11,7.796928864927121e-11
6624.0,17688.0,33.8,28.0,48.3,-33.09907841359225,94.24728169016113,1.1022926192324519e-11,7.796928864927121e-11
7452.0,22994.4,30.3,0.1,-36.0,33.09907841359225,-94.24728169016113,1.1022926192324519e-11,7.796928864927121e-11
7038.000000000001,14445.199999999999,3.0,10.1,33.3,-33.09907841359225,94.2472816901613,1.1022926192324519e-11,7.796928864927121e-11
5692.500000000001,15034.800000000001,49.5,14.3,-32.9,33.09907841359225,-94.2472816901613,1.1022926192324519e-11,7.796928864927121e-11
3829.5,18867.2,28.000000000000004,37.0,-36.5,33.09907841359225,-94.24728169016113,1.1022926192324519e-11,7.796928864927121e-11
3208.5,6485.6,45.699999999999996,47.2,-14.6,33.09907841359225,-94.2472816901613,1.1022926192324519e-11,7.796928864927121e-11
6106.5,18277.6,7.699999999999999,30.0,36.6,-33.09907841359225,94.24728169016113,1.1022926192324519e-11,7.796928864927121e-11
4554.0,8549.199999999999,39.0,46.8,0.5,-33.09907841359225,94.2472816901613,1.1022926192324519e-11,7.796928864927121e-11
6106.5,9138.8,16.9,23.4,38.5,-33.09907841359225,94.2472816901613,1.1022926192324519e-11,7.796928864927121e-11
3105.0,6780.400000000001,21.5,23.3,-41.4,33.09907841359225,-94.2472816901613,1.1022926192324519e-11,7.796928864927121e-11
4657.5,17688.0,30.6,8.2,-30.1,33.09907841359225,-94.24728169016113,1.1022926192324519e-11,7.796928864927121e-11
2173.5,23289.2,15.5,14.8,8.3,-33.09907841359225,94.24728169016113,1.1022926192324519e-11,7.796928864927121e-11
3001.5,16214.000000000002,30.9,6.9,-3.0,33.09907841359225,-94.2472816901613,1.1022926192324519e-11,7.796928864927121e-11
6003.0,18572.4,12.0,37.9,41.6,-33.09907841359225,94.24728169016113,1.1022926192324519e-11,7.796928864927121e-11
3726.0,8844.0,41.6,4.5,8.7,-33.09907841359225,94.2472816901613,1.1022926192324519e-11,7.796928864927121e-11
2691.0,6780.400000000001,47.3,21.9,-7.9,33.09907841359225,-94.2472816901613,1.1022926192324519e-11,7.796928864927121e-11
5071.5,22699.600000000002,23.0,43.3,36.1,-33.09907841359225,94.24728169016113,1.1022926192324519e-11,7.796928864927121e-11
4554.0,15329.6,0.3,39.8,13.3,-33.09907841359225,94.2472816901613,1.1022926192324519e-11,7.796928864927121e-11
4450.5,9728.4,3.7,1.9,35.0,-33.09907841359225,94.2472816901613,1.1022926192324519e-11,7.796928864927121e-11
4657.5,6780.400000000001,11.6,33.1,23.1,-33.09907841359225,94.2472816901613,1.1022926192324519e-11,7.796928864927121e-11
3208.5,18277.6,46.4,11.5,4.8,-33.09907841359225,94.24728169016113,1.1022926192324519e-11,7.796928864927121e-11
3415.5,8254.400000000001,12.4,42.8,-19.3,33.09907841359225,-94.2472816901613,1.1022926192324519e-11,7.796928864927121e-11
7969.5,6190.8,10.0,25.1,-22.4,33.09907841359225,-94.2472816901613,1.1022926192324519e-11,7.796928864927121e-11
7762.5,22699.600000000002,41.5,35.7,44.5,-33.09907841359225,94.24728169016113,1.1022926192324519e-11,7.796928864927121e-11
4036.5,17393.2,44.800000000000004,15.3,-46.0,33.09907841359225,-94.24728169016113,1.1022926192324519e-11,7.796928864927121e-11
3519.0000000000005,17688.0,9.2,31.8,22.6,-33.09907841359225,94.24728169016113,1.1022926192324519e-11,7.796928864927121e-11
4450.5,18572.4,2.1,12.0,16.0,-33.09907841359225,94.24728169016113,1.1022926192324519e-11,7.796928864927121e-11
6520.5,5896.0,47.00000000000001,20.3,-28.5,33.09907841359225,-94.2472816901613,1.1022926192324519e-11,7.796928864927121e-11
8073.0,10023.2,41.7,47.8,-23.8,33.09907841359225,-94.2472816901613,1.1022926192324519e-11,7.796928864927121e-11
4140.0,15034.800000000001,9.5,29.8,-19.3,33.09907841359225,-94.2472816901613,1.1022926192324519e-11,7.796928864927121e-11
6417.0,20341.199999999997,19.1,20.5,-14.9,33.09907841359225,-94.24728169016113,1.1022926192324519e-11,7.796928864927121e-11
5278.5,7664.8,8.600000000000001,38.6,6.6,-33.09907841359225,94.24728169016122,1.1022926192324519e-11,7.796928864927121e-11
7452.0,15624.400000000001,11.9,9.6,-25.2,33.09907841359225,-94.2472816901613,1.1022926192324519e-11,7.796928864927121e-11
6003.0,21225.6,6.1,21.2,-7.2,33.09907841359225,-94.24728169016113,1.1022926192324519e-11,7.796928864927121e-11
7038.000000000001,22110.0,48.0,45.9,13.8,-33.09907841359225,94.24728169016113,1.1022926192324519e-11,7.796928864927121e-11
2691.0,16508.800000000003,39.2,41.3,40.5,-33.09907841359225,94.24728169016113,1.1022926192324519e-11,7.796928864927121e-11
7348.5,9433.6,31.7,17.9,17.1,-33.09907841359225,94.2472816901613,1.1022926192324519e-11,7.796928864927121e-11
2484.0,21520.399999999998,3.0,48.1,31.7,-33.09907841359225,94.24728169016113,1.1022926192324519e-11,7.796928864927121e-11
3933.0,13855.599999999999,46.300000000000004,30.2,-37.9,33.09907841359225,-94.2472816901613,1.1022926192324519e-11,7.796928864927121e-11
3519.0000000000005,13266.0,43.800000000000004,4.7,10.8,-33.09907841359225,94.2472816901613,1.1022926192324519e-11,7.796928864927121e-11
7452.0,11202.4,16.8,12.1,-9.7,33.09907841359225,-94.2472816901613,1.1022926192324519e-11,7.796928864927121e-11
2070.0,20930.8,10.4,34.4,-23.1,33.09907841359225,-94.24728169016113,1.1022926192324519e-11,7.796928864927121e-11
4036.5,6190.8,11.5,14.8,17.3,-33.09907841359225,94.2472816901613,1.1022926192324519e-11,7.796928864927121e-11
2794.5,12381.6,45.699999999999996,1.3,-44.3,33.09907841359225,-94.2472816901613,1.1022926192324519e-11,7.796928864927121e-11
6417.0,21225.6,25.9,37.4,-2.0,33.09907841359225,-94.24728169016113,1.1022926192324519e-11,7.796928864927121e-11
4864.5,9433.6,30.099999999999998,29.5,26.3,-33.09907841359225,94.2472816901613,1.1022926192324519e-11,7.796928864927121e-11
2898.0000000000005,10907.6,36.2,31.5,-20.4,33.09907841359225,-94.2472816901613,1.1022926192324519e-11,7.796928864927121e-11
4968.0,10907.6,3.3000000000000003,15.0,32.2,-33.09907841359225,94.2472816901613,1.1022926192324519e-11,7.796928864927121e-11
5899.499999999999,6780.400000000001,19.9,11.2,-27.7,33.09907841359225,-94.2472816901613,1.1022926192324519e-11,7.796928864927121e-11
3622.4999999999995,9433.6,40.800000000000004,6.0,-36.6,33.09907841359225,-94.2472816901613,1.1022926192324519e-11,7.796928864927121e-11
2380.5,6190.8,46.300000000000004,21.7,-2.1,33.09907841359225,-94.2472816901613,1.1022926192324519e-11,7.796928864927121e-11
5899.499999999999,19751.600000000002,33.4,43.1,-34.9,33.09907841359225,-94.24728169016113,1.1022926192324519e-11,7.796928864927121e-11
5692.500000000001,19162.0,14.3,33.9,-7.9,33.09907841359225,-94.24728169016113,1.1022926192324519e-11,7.796928864927121e-11
7762.5,14150.4,19.0,33.1,2.2,-33.09907841359225,94.2472816901613,1.1022926192324519e-11,7.796928864927121e-11
3001.5,21815.2,27.8,22.8,34.5,-33.09907841359225,94.24728169016113,1.1022926192324519e-11,7.796928864927121e-11
7244.999999999999,15624.400000000001,17.3,9.1,-21.1,33.09907841359225,-94.2472816901613,1.1022926192324519e-11,7.796928864927121e-11
7969.5,11202.4,12.100000000000001,5.2,-8.5,33.09907841359225,-94.2472816901613,1.1022926192324519e-11,7.796928864927121e-11
5589.0,22699.600000000002,14.6,30.7,0.1,-10.906312958472782,31.05495375896419,1.1022926192324519e-11,7.796928864927121e-11
3829.5,22699.600000000002,29.900000000000002,8.5,-3.3,33.09907841359225,-94.24728169016113,1.1022926192324519e-11,7.796928864927121e-11
6727.5,10907.6,23.599999999999998,37.3,-11.5,33.09907841359225,-94.2472816901613,1.1022926192324519e-11,7.796928864927121e-11
2898.0000000000005,7075.2,7.000000000000001,0.2,18.4,-33.09907841359225,94.2472816901613,1.1022926192324519e-11,7.796928864927121e-11
5175.0,22994.4,8.0,19.5,-43.5,33.09907841359225,-94.24728169016113,1.1022926192324519e-11,7.796928864927121e-11
5071.5,14740.0,18.3,21.2,-48.3,33.09907841359225,-94.2472816901613,1.1022926192324519e-11,7.796928864927121e-11
6831.0,19751.600000000002,6.9,25.5,-2.4,33.09907841359225,-94.24728169016113,1.1022926192324519e-11,7.796928864927121e-11
4554.0,18277.6,25.2,17.5,-1.1,33.09907841359225,-94.24728169016113,1.1022926192324519e-11,7.796928864927121e-11
7348.5,10318.0,14.700000000000001,27.1,0.5,-33.09907841359225,94.2472816901613,1.1022926192324519e-11,7.796928864927121e-11
6210.0,9728.4,45.2,20.1,-36.3,33.09907841359225,-94.2472816901613,1.1022926192324519e-11,7.796928864927121e-11
8073.0,10023.2,37.5,45.8,-33.7,33.09907841359225,-94.2472816901613,1.1022926192324519e-11,7.796928864927121e-11
4864.5,7959.6,43.5,30.6,47.6,-33.09907841359225,94.2472816901613,1.1022926192324519e-11,7.796928864927121e-11
2380.5,5896.0,26.500000000000004,12.1,-48.9,33.09907841359225,-94.2472816901613,1.1022926192324519e-11,7.796928864927121e-11
7452.0,13560.800000000001,29.8,17.9,-30.0,33.09907841359225,-94.2472816901613,1.1022926192324519e-11,7.796928864927121e-11
4243.5,6485.6,23.8,26.5,-31.5,33.09907841359225,-94.2472816901613,1.1022926192324519e-11,7.796928864927121e-11
4864.5,15034.800000000001,2.0,14.1,-14.9,33.09907841359225,-94.2472816901613,1.1022926192324519e-11,7.796928864927121e-11
5382.0,7959.6,1.3,36.8,-34.5,33.09907841359225,-94.2472816901613,1.1022926192324519e-11,7.796928864927121e-11
6313.5,7370.0,34.0,31.3,5.3,-33.09907841359225,94.2472816901613,1.1022926192324519e-11,7.796928864927121e-11
6727.5,7075.2,46.6,0.9,-21.6,33.09907841359225,-94.2472816901613,1.1022926192324519e-11,7.796928864927121e-11
2277.0,23289.2,42.400000000000006,3.5,37.3,-33.09907841359225,94.24728169016113,1.1022926192324519e-11,7.796928864927121e-11
8073.0,17098.399999999998,12.500000000000002,33.0,-35.4,33.09907841359225,-94.2472816901613,1.1022926192324519e-11,7.796928864927121e-11
2898.0000000000005,21520.399999999998,31.900000000000002,34.7,37.8,-33.09907841359225,94.24728169016113,1.1022926192324519e-11,7.796928864927121e-11
7866.0,20341.199999999997,41.0,23.8,-45.0,33.09907841359225,-94.24728169016113,1.1022926192324519e-11,7.796928864927121e-11
7038.000000000001,5896.0,25.1,22.9,31.0,-33.09907841359225,94.2472816901613,1.1022926192324519e-11,7.796928864927121e-11
2277.0,9138.8,12.100000000000001,20.9,-3.4,33.09907841359225,-94.2472816901613,1.1022926192324519e-11,7.796928864927121e-11
6831.0,12971.2,28.5,27.3,6.4,-33.09907841359225,94.2472816901613,1.1022926192324519e-11,7.796928864927121e-11
3519.0000000000005,20930.8,25.5,32.9,6.1,-33.09907841359225,94.24728169016113,1.1022926192324519e-11,7.796928864927121e-11
5692.500000000001,21520.399999999998,9.2,6.7,17.2,-33.09907841359225,94.24728169016113,1.1022926192324519e-11,7.796928864927121e-11
7244.999999999999,6485.6,46.1,27.3,25.6,-33.09907841359225,94.2472816901613,1.1022926192324519e-11,7.796928864927121e-11
7038.000000000001,17393.2,35.900000000000006,15.0,-37.3,33.09907841359225,-94.24728169016113,1.1022926192324519e-11,7.796928864927121e-11
3829.5,9138.8,10.600000000000001,10.2,-15.8,33.09907841359225,-94.2472816901613,1.1022926192324519e-11,7.796928864927121e-11
3001.5,17688.0,29.6,31.6,-15.1,33.09907841359225,-94.24728169016113,1.1022926192324519e-11,7.796928864927121e-11
4864.5,6780.400000000001,48.8,16.0,-45.4,33.09907841359225,-94.2472816901613,1.1022926192324519e-11,7.796928864927121e-11
5175.0,10318.0,27.8,5.9,-0.8,33.09907841359225,-94.2472816901613,1.1022926192324519e-11,7.796928864927121e-11
3519.0000000000005,15034.800000000001,29.1,34.9,21.4,-33.09907841359225,94.2472816901613,1.1022926192324519e-11,7.796928864927121e-11
2898.0000000000005,12086.8,48.2,5.1,-23.7,33.09907841359225,-94.2472816901613,1.1022926192324519e-11,7.796928864927121e-11
3312.0,15919.2,29.900000000000002,37.3,44.4,-33.09907841359225,94.24728169016113,1.1022926192324519e-11,7.796928864927121e-11
5485.5,7664.8,17.8,11.3,-26.5,33.09907841359225,-94.2472816901613,1.1022926192324519e-11,7.796928864927121e-11
2173.5,7075.2,45.8,36.3,7.5,-33.09907841359225,94.2472816901613,1.1022926192324519e-11,7.796928864927121e-11
3312.0,22404.8,42.8,29.7,6.1,-33.09907841359225,94.24728169016113,1.1022926192324519e-11,7.796928864927121e-11
5692.500000000001,19751.600000000002,18.2,41.4,-49.8,33.09907841359225,-94.24728169016113,1.1022926192324519e-11,7.796928864927121e-11
7141.499999999999,23584.0,3.1,11.7,25.7,-33.09907841359225,94.24728169016113,1.1022926192324519e-11,7.796928864927121e-11
8176.5,10907.6,21.700000000000003,15.9,27.0,-33.09907841359225,94.2472816901613,1.1022926192324519e-11,7.796928864927121e-11
5485.5,7370.0,34.400000000000006,18.0,-20.5,33.09907841359225,-94.2472816901613,1.1022926192324519e-11,7.796928864927121e-11
7038.000000000001,12086.8,25.2,38.3,-12.7,33.09907841359225,-94.2472816901613,1.1022926192324519e-11,7.796928864927121e-11
7866.0,20046.4,22.6,8.2,29.7,-33.09907841359225,94.24728169016113,1.1022926192324519e-11,7.796928864927121e-11
5175.0,10612.8,35.1,25.4,21.3,-33.09907841359225,94.2472816901613,1.1022926192324519e-11,7.796928864927121e-11
2380.5,5896.0,11.9,44.0,-31.6,33.09907841359225,-94.2472816901613,1.1022926192324519e-11,7.796928864927121e-11
5796.000000000001,22110.0,27.8,44.3,-10.9,33.09907841359225,-94.24728169016113,1.1022926192324519e-11,7.796928864927121e-11
7038.000000000001,19162.0,40.2,33.4,2.9,-33.09907841359225,94.24728169016113,1.1022926192324519e-11,7.796928864927121e-11
7866.0,20930.8,7.4,17.6,9.1,-33.09907841359225,94.24728169016113,1.1022926192324519e-11,7.796928864927121e-11
2277.0,21225.6,36.7,48.4,-2.3,33.09907841359225,-94.24728169016113,1.1022926192324519e-11,7.796928864927121e-11
6727.5,7075.2,22.400000000000002,32.5,19.2,-33.09907841359225,94.2472816901613,1.1022926192324519e-11,7.796928864927121e-11
3622.4999999999995,10023.2,34.300000000000004,46.5,11.2,-33.09907841359225,94.2472816901613,1.1022926192324519e-11,7.796928864927121e-11
7038.000000000001,20930.8,42.5,44.0,42.9,-33.09907841359225,94.24728169016113,1.1022926192324519e-11,7.796928864927121e-11
4657.5,20341.199999999997,49.800000000000004,46.4,-29.9,33.09907841359225,-94.24728169016113,1.1022926192324519e-11,7.796928864927121e-11
4761.0,21815.2,46.7,11.3,-12.7,33.09907841359225,-94.24728169016113,1.1022926192324519e-11,7.796928864927121e-11
2173.5,18867.2,32.800000000000004,32.7,-28.1,33.09907841359225,-94.24728169016113,1.1022926192324519e-11,7.796928864927121e-11
2898.0000000000005,6780.400000000001,43.300000000000004,43.3,29.8,-33.09907841359225,94.2472816901613,1.1022926192324519e-11,7.796928864927121e-11
3726.0,13560.800000000001,31.0,24.8,-22.6,33.09907841359225,-94.2472816901613,1.1022926192324519e-11,7.796928864927121e-11
7659.0,17393.2,9.5,36.2,-0.1,10.109382413642791,-28.785750471553477,1.1022926192324519e-11,7.796928864927121e-11
4864.5,8844.0,13.5,28.0,-2.8,33.09907841359225,-94.2472816901613,1.1022926192324519e-11,7.796928864927121e-11
4036.5,19751.600000000002,25.400000000000002,7.9,-7.5,33.09907841359225,-94.24728169016113,1.1022926192324519e-11,7.796928864927121e-11
2691.0,8254.400000000001,45.50000000000001,34.8,-23.0,33.09907841359225,-94.2472816901613,1.1022926192324519e-11,7.796928864927121e-11
3933.0,17688.0,33.7,30.7,-31.4,33.09907841359225,-94.24728169016113,1.1022926192324519e-11,7.796928864927121e-11
3519.0000000000005,13855.599999999999,31.0,35.8,46.2,-33.09907841359225,94.2472816901613,1.1022926192324519e-11,7.796928864927121e-11
7762.5,17393.2,48.9,38.2,-46.8,33.09907841359225,-94.24728169016113,1.1022926192324519e-11,7.796928864927121e-11
7762.5,21520.399999999998,12.0,11.0,9.9,-33.09907841359225,94.24728169016113,1.1022926192324519e-11,7.796928864927121e-11
2380.5,7370.0,7.6000000000000005,23.0,38.9,-33.09907841359225,94.2472816901613,1.1022926192324519e-11,7.796928864927121e-11
6831.0,21520.399999999998,48.400000000000006,28.7,17.5,-33.09907841359225,94.24728169016113,1.1022926192324519e-11,7.796928864927121e-11
6003.0,12381.6,18.0,26.9,11.7,-33.09907841359225,94.2472816901613,1.1022926192324519e-11,7.796928864927121e-11
7659.0,14740.0,25.000000000000004,10.2,-6.2,33.09907841359225,-94.2472816901613,1.1022926192324519e-11,7.796928864927121e-11
4761.0,15624.400000000001,31.400000000000002,11.8,-8.2,33.09907841359225,-94.2472816901613,1.1022926192324519e-11,7.796928864927121e-11
2380.5,20341.199999999997,30.500000000000004,17.6,7.0,-33.09907841359225,94.24728169016113,1.1022926192324519e-11,7.796928864927121e-11
4761.0,20636.0,40.5,7.4,31.4,-33.09907841359225,94.24728169016113,1.1022926192324519e-11,7.796928864927121e-11
3622.4999999999995,12381.6,33.2,25.8,25.8,-33.09907841359225,94.2472816901613,1.1022926192324519e-11,7.796928864927121e-11
5071.5,7959.6,41.4,39.3,-21.2,33.09907841359225,-94.2472816901613,1.1022926192324519e-11,7.796928864927121e-11
7659.0,16508.800000000003,30.799999999999997,18.2,27.9,-33.09907841359225,94.24728169016113,1.1022926192324519e-11,7.796928864927121e-11
2380.5,17393.2,45.300000000000004,28.0,44.2,-33.09907841359225,94.24728169016113,1.1022926192324519e-11,7.796928864927121e-11
3829.5,19751.600000000002,0.8,48.6,16.4,-33.09907841359225,94.24728169016113,1.1022926192324519e-11,7.796928864927121e-11
2173.5,10907.6,40.1,19.2,-37.6,33.09907841359225,-94.2472816901613,1.1022926192324519e-11,7.796928864927121e-11
4968.0,11497.2,38.7,9.4,0.2,-21.258956010780565,60.533371671274324,1.1022926192324519e-11,7.796928864927121e-11
8176.5,11202.4,46.2,25.6,-18.3,33.09907841359225,-94.2472816901613,1.1022926192324519e-11,7.796928864927121e-11
4554.0,22404.8,34.7,17.8,44.6,-33.09907841359225,94.24728169016113,1.1022926192324519e-11,7.796928864927121e-11
5796.000000000001,18277.6,34.6,48.2,-2.9,33.09907841359225,-94.24728169016113,1.1022926192324519e-11,7.796928864927121e-11
6727.5,16508.800000000003,17.6,23.7,6.3,-33.09907841359225,94.24728169016113,1.1022926192324519e-11,7.796928864927121e-11
5278.5,23289.2,28.5,18.5,-38.4,33.09907841359225,-94.24728169016113,1.1022926192324519e-11,7.796928864927121e-11
7038.000000000001,8549.199999999999,22.3,9.8,-5.7,33.09907841359225,-94.2472816901613,1.1022926192324519e-11,7.796928864927121e-11
2277.0,7664.8,35.1,23.0,-42.3,33.09907841359225,-94.2472816901613,1.1022926192324519e-11,7.796928864927121e-11
4036.5,23584.0,26.9,6.5,-12.6,33.09907841359225,-94.24728169016113,1.1022926192324519e-11,7.796928864927121e-11
7969.5,15329.6,30.400000000000002,22.3,-11.5,33.09907841359225,-94.2472816901613,1.1022926192324519e-11,7.796928864927121e-11
2794.5,9728.4,49.5,39.6,-22.0,33.09907841359225,-94.2472816901613,1.1022926192324519e-11,7.796928864927121e-11
3105.0,20046.4,13.0,40.9,22.8,-33.09907841359225,94.24728169016113,1.1022926192324519e-11,7.796928864927121e-11
7141.499999999999,13560.800000000001,0.1,42.8,45.0,-33.09907841359225,94.2472816901613,1.1022926192324519e-11,7.796928864927121e-11
4554.0,12086.8,46.300000000000004,2.2,-14.7,33.09907841359225,-94.2472816901613,1.1022926192324519e-11,7.796928864927121e-11
6727.5,22404.8,23.400000000000002,8.3,43.2,-33.09907841359225,94.24728169016113,1.1022926192324519e-11,7.796928864927121e-11
4761.0,17098.399999999998,5.500000000000001,10.8,17.5,-33.09907841359225,94.24728169016113,1.1022926192324519e-11,7.796928864927121e-11
7866.0,7075.2,20.7,20.9,-30.0,33.09907841359225,-94.2472816901613,1.1022926192324519e-11,7.796928864927121e-11
3001.5,23584.0,25.8,14.9,33.7,-33.09907841359225,94.24728169016113,1.1022926192324519e-11,7.796928864927121e-11
6210.0,21815.2,31.1,38.3,-18.8,33.09907841359225,-94.24728169016113,1.1022926192324519e-11,7.796928864927121e-11
6417.0,6780.400000000001,36.7,17.7,-46.5,33.09907841359225,-94.2472816901613,1.1022926192324519e-11,7.796928864927121e-11
2380.5,11202.4,49.7,16.0,41.4,-33.09907841359225,94.2472816901613,1.1022926192324519e-11,7.796928864927121e-11
4243.5,18867.2,11.3,16.0,34.8,-33.09907841359225,94.24728169016113,1.1022926192324519e-11,7.796928864927121e-11
5071.5,15919.2,42.1,13.5,22.8,-33.09907841359225,94.24728169016113,1.1022926192324519e-11,7.796928864927121e-11
2173.5,8844.0,13.8,31.3,-8.0,33.09907841359225,-94.2472816901613,1.1022926192324519e-11,7.796928864927121e-11
2898.0000000000005,19162.0,26.0,0.6,-6.6,33.09907841359225,-94.24728169016113,1.1022926192324519e-11,7.796928864927121e-11
4554.0,13560.800000000001,5.6000000000000005,28.8,-37.9,33.09907841359225,-94.2472816901613,1.1022926192324519e-11,7.796928864927121e-11
7348.5,16803.6,44.199999999999996,46.9,-10.9,33.09907841359225,-94.2472816901613,1.1022926192324519e-11,7.796928864927121e-11
5589.0,12381.6,6.6000000000000005,44.6,-6.5,33.09907841359225,-94.2472816901613,1.1022926192324519e-11,7.796928864927121e-11
4554.0,15919.2,28.3,7.4,20.2,-33.09907841359225,94.24728169016113,1.1022926192324519e-11,7.796928864927121e-11
2691.0,6485.6,9.1,18.7,5.3,-33.09907841359225,94.2472816901613,1.1022926192324519e-11,7.796928864927121e-11
2484.0,6485.6,16.0,47.8,44.8,-33.09907841359225,94.2472816901613,1.1022926192324519e-11,7.796928864927121e-11
2587.5,8549.199999999999,0.1,32.1,7.0,-33.09907841359225,94.2472816901613,1.1022926192324519e-11,7.796928864927121e-11
2587.5,17982.8,36.0,12.9,12.9,-33.09907841359225,94.24728169016113,1.1022926192324519e-11,7.796928864927121e-11
4864.5,8254.400000000001,24.300000000000004,48.8,11.7,-33.09907841359225,94.2472816901613,1.1022926192324519e-11,7.796928864927121e-11
8280.0,12381.6,39.2,2.2,29.9,-33.09907841359225,94.2472816901613,1.1022926192324519e-11,7.796928864927121e-11
5382.0,12086.8,24.200000000000003,12.4,22.8,-33.09907841359225,94.2472816901613,1.1022926192324519e-11,7.796928864927121e-11
5899.499999999999,19162.0,11.4,18.5,21.1,-33.09907841359225,94.24728169016113,1.1022926192324519e-11,7.796928864927121e-11
7762.5,15034.800000000001,9.8,22.5,43.5,-33.09907841359225,94.2472816901613,1.1022926192324519e-11,7.796928864927121e-11
7969.5,18572.4,16.0,12.4,17.3,-33.09907841359225,94.24728169016113,1.1022926192324519e-11,7.796928864927121e-11
7969.5,21815.2,30.2,35.7,-42.8,33.09907841359225,-94.24728169016113,1.1022926192324519e-11,7.796928864927121e-11
4450.5,19751.600000000002,11.200000000000001,18.5,-16.7,33.09907841359225,-94.24728169016113,1.1022926192324519e-11,7.796928864927121e-11
4968.0,15329.6,28.000000000000004,11.5,-15.3,33.09907841359225,-94.2472816901613,1.1022926192324519e-11,7.796928864927121e-11
2070.0,9728.4,46.0,13.2,-13.0,33.09907841359225,-94.2472816901613,1.1022926192324519e-11,7.796928864927121e-11
4347.0,9728.4,29.6,30.3,-35.1,33.09907841359225,-94.2472816901613,1.1022926192324519e-11,7.796928864927121e-11
7244.999999999999,17982.8,19.8,14.7,22.5,-33.09907841359225,94.24728169016113,1.1022926192324519e-11,7.796928864927121e-11
5382.0,14740.0,30.3,9.8,11.3,-33.09907841359225,94.2472816901613,1.1022926192324519e-11,7.796928864927121e-11
6520.5,14150.4,19.3,4.8,0.3,-32.06777865214042,91.31072865656611,1.1022926192324519e-11,7.796928864927121e-11
4036.5,12676.4,42.699999999999996,41.1,11.3,-33.09907841359225,94.2472816901613,1.1022926192324519e-11,7.796928864927121e-11
7141.499999999999,21815.2,44.4,11.1,-17.4,33.09907841359225,-94.24728169016113,1.1022926192324519e-11,7.796928864927121e-11
7762.5,15919.2,14.8,34.3,26.4,-33.09907841359225,94.24728169016113,1.1022926192324519e-11,7.796928864927121e-11
8176.5,23289.2,12.700000000000001,36.2,-2.2,33.09907841359225,-94.24728169016113,1.1022926192324519e-11,7.796928864927121e-11
6831.0,14445.199999999999,3.3000000000000003,48.9,-44.1,33.09907841359225,-94.2472816901613,1.1022926192324519e-11,7.796928864927121e-11
5589.0,17098.399999999998,24.900000000000002,44.1,-13.1,33.09907841359225,-94.2472816901613,1.1022926192324519e-11,7.796928864927121e-11
